"","Individual","LID","RNL","SampleDate","SampleType","NbReads","Sex","Unit","AgeDay","AgeMonth","AgeYear","Adversity","AdversityPerSample","Date_Adversity","SampleMonth","SampleYear","Season","Humidity","Temp","Rain30","Rain90","MinT30","MaxT30","Mother","PairedSample","LID_PairedSample","Qubit_LID","Extraction_method","Comment","AdV_1","AdV_2","AdV_3","AdV_4","AdV_5","AdV_6","AdV_7","richness","any_adeno","wean_date","weaned","mat_date","dob","avg_wean","age.cat.3","age.cat.4","plot_ad","unit.2","band"
"1","CAS","LID_108310","RNL_2017_0192_CAS","2017-08-29","adult",16380459,"F","C3",5473,179.442623,14.99452055,NA,NA,NA,8,2017,"ColdWet","Wet","Cold",496.2,1301.6,8.380645161,13.72258065,NA,1,"LID_108304",2.32,"Extraction","",0,0,0,0,0,0,0,0,0,2004-03-04,1,2007-04-18,2002-09-04,2004-03-04,"adult","adult","No Adenovirus","C","SB"
"2","CAS","LID_108307","RNL_2017_0199_CAS","2017-10-03","adult",7612666,"F","C3",5508,180.5901639,15.09041096,NA,NA,NA,10,2017,"ColdDry","Dry","Cold",119.9,1077.7,8.346666667,15.32333333,NA,1,"LID_108394",8.02,"Extraction","",0,0,0,0,0,0,0,0,0,2004-03-04,1,2007-04-18,2002-09-04,2004-03-04,"adult","adult","No Adenovirus","C","SB"
"3","CAS","LID_105873","RNL_2017_0545_CAS","2017-12-02","adult",9862665,"F","C3",5568,182.557377,15.25479452,NA,NA,NA,12,2017,"ColdDry","Dry","Cold",27.2,398.3,7.246666667,15.48,NA,1,"LID_105871",16.3,"Lysate","",0,0,0,0,0,0,0,0,0,2004-03-04,1,2007-04-18,2002-09-04,2004-03-04,"adult","adult","No Adenovirus","C","SB"
"4","CAS","LID_105994","RNL_2018_0385_CAS","2018-04-02","adult",1318492,"F","C3",5689,186.5245902,15.58630137,NA,NA,NA,4,2018,"HotDry","Dry","Hot",19.6,21.8,8.216129032,20.00322581,NA,1,"LID_106631",1.436,"Lysate","",0,0,0,0,0,0,0,0,0,2004-03-04,1,2007-04-18,2002-09-04,2004-03-04,"adult","adult","No Adenovirus","C","SB"
"5","CLU","LID_105866","RNL_2018_0760_CLU","2018-05-30","infant",6188234,"M","C5",25,0.819672131,0.068493151,"no","NoAdversity","2019-04-16",5,2018,"HotDry","Dry","Hot",84.8,145.7,9.99,21.23333333,"COC",1,"LID_105982",13.8,"Lysate","",0,0,0,0,0,0,0,0,0,NA,0,NA,2018-05-05,2019-11-05,"unweaned","young","No Adenovirus","C","SB"
"6","CLU","LID_106603","RNL_2019_0502_CLU","2019-09-11","infant",51085785,"M","C5",494,16.19672131,1.353424658,"yes","MaternalDeath","2019-04-16",9,2019,"ColdWet","Wet","Cold",305.4,1080.17,9.5,15.16451613,"COC",0,NA,11.718,"Lysate","",0,0,0,0,0,0,0,0,0,NA,0,NA,2018-05-05,2019-11-05,"unweaned","young","No Adenovirus","C","SB"
"7","CLU","LID_106269","RNL_2018_1423_CLU","2018-11-12","infant",14903044,"M","C5",191,6.262295082,0.523287671,"no","NoAdversity","2019-04-16",11,2018,"ColdDry","Dry","Cold",110.5,688.5,8.138709677,15.10967742,"COC",1,"LID_105948",8.389,"Lysate","",0,0,0,0,0,0,0,0,0,NA,0,NA,2018-05-05,2019-11-05,"unweaned","young","No Adenovirus","C","SB"
"8","CLU","LID_105939","RNL_2018_1117_CLU","2018-08-02","infant",22702793,"M","C5",89,2.918032787,0.243835616,"no","NoAdversity","2019-04-16",8,2018,"ColdWet","Wet","Cold",466.9,931.9,8.096774194,13.9,"COC",1,"LID_105990",8.38,"Lysate","",0,0,0,0,0,0,0,0,0,NA,0,NA,2018-05-05,2019-11-05,"unweaned","young","No Adenovirus","C","SB"
"9","CLU","LID_107891","RNL_2019_0273_CLU","2019-04-04","infant",16762169,"M","C5",334,10.95081967,0.915068493,"no","NoAdversity","2019-04-16",4,2019,"HotDry","Dry","Hot",10.3,17.3,11.4,19.3483871,"COC",1,"LID_107896",3.574,"Lysate","",0,0,0,0,0,0,0,0,0,NA,0,NA,2018-05-05,2019-11-05,"unweaned","young","No Adenovirus","C","SB"
"10","CLU","LID_106261","RNL_2019_0695_CLU","2019-12-21","infant",8488418,"M","C5",595,19.50819672,1.630136986,"yes","MaternalDeath","2019-04-16",12,2019,"ColdDry","Dry","Cold",79.4,467.4809524,6.573333333,15.48666667,"COC",0,NA,4.957,"Lysate","",0,0,0,0,1,0,0,1,1,NA,1,NA,2018-05-05,2019-11-05,"weaned","young","Adenovirus","C","SB"
"11","CLU","LID_106267","RNL_2019_0421_CLU","2019-07-11","infant",13262479,"M","C5",432,14.16393443,1.183561644,"yes","MaternalDeath","2019-04-16",7,2019,"ColdWet","Wet","Cold",294.47,722.07,8.09,14.44,"COC",0,NA,12.477,"Lysate","",0,0,0,0,0,0,0,0,0,NA,0,NA,2018-05-05,2019-11-05,"unweaned","young","No Adenovirus","C","SB"
"12","CLU","LID_107898","RNL_2020_0145_CLU","2020-03-07","infant",8905414,"M","C5",672,22.03278689,1.84109589,"yes","MaternalDeath","2019-04-16",3,2020,"HotDry","Dry","Hot",3.1,10.4,7.103448276,18.7137931,"COC",0,NA,7.416,"Lysate","",0,0,0,0,0,0,0,0,0,NA,1,NA,2018-05-05,2019-11-05,"weaned","young","No Adenovirus","C","SB"
"13","CLU","LID_107895","RNL_2019_0394_CLU","2019-06-18","infant",8117967,"M","C5",409,13.40983607,1.120547945,"yes","MaternalDeath","2019-04-16",6,2019,"ColdWet","Wet","Cold",365.9,505.6,7.477419355,16.15806452,"COC",0,NA,3.713,"Lysate","",0,0,0,0,0,0,1,1,1,NA,0,NA,2018-05-05,2019-11-05,"unweaned","young","Adenovirus","C","SB"
"14","CLU","LID_107899","RNL_2019_0321_CLU","2019-05-03","infant",8145123,"M","C5",363,11.90163934,0.994520548,"yes","MaternalDeath","2019-04-16",5,2019,"HotDry","Dry","Hot",52.6,69.9,10.14333333,21.57333333,"COC",0,NA,4.065,"Lysate","",0,0,0,0,0,0,0,0,0,NA,0,NA,2018-05-05,2019-11-05,"unweaned","young","No Adenovirus","C","SB"
"15","COC","LID_105990","RNL_2018_1116_COC","2018-08-02","adult",6089926,"F","C5",5280,173.1147541,14.46575342,NA,NA,NA,8,2018,"ColdWet","Wet","Cold",466.9,931.9,8.096774194,13.9,NA,1,"LID_105939",1.683,"Lysate","",0,0,0,0,0,0,0,0,0,2005-08-17,1,2008-09-30,2004-02-17,2005-08-17,"adult","adult","No Adenovirus","C","SB"
"16","COC","LID_105982","RNL_2018_0759_COC","2018-05-30","adult",5568571,"F","C5",5216,171.0163934,14.29041096,NA,NA,NA,5,2018,"HotDry","Dry","Hot",84.8,145.7,9.99,21.23333333,NA,1,"LID_105866",19.93,"Lysate","",0,0,0,0,0,0,0,0,0,2005-08-17,1,2008-09-30,2004-02-17,2005-08-17,"adult","adult","No Adenovirus","C","SB"
"17","COC","LID_105948","RNL_2018_1424_COC","2018-11-12","adult",15610787,"F","C5",5382,176.4590164,14.74520548,NA,NA,NA,11,2018,"ColdDry","Dry","Cold",110.5,688.5,8.138709677,15.10967742,NA,1,"LID_106269",20.2,"Lysate","",0,0,0,0,0,0,0,0,0,2005-08-17,1,2008-09-30,2004-02-17,2005-08-17,"adult","adult","No Adenovirus","C","SB"
"18","COC","LID_107896","RNL_2019_0274_COC","2019-04-04","adult",9982644,"F","C5",5525,181.147541,15.1369863,NA,NA,NA,4,2019,"HotDry","Dry","Hot",10.3,17.3,11.4,19.3483871,NA,1,"LID_107891",4.827,"Lysate","",0,0,0,0,0,0,0,0,0,2005-08-17,1,2008-09-30,2004-02-17,2005-08-17,"adult","adult","No Adenovirus","C","SB"
"19","COU","LID_106002","RNL_2018_0796_COU","2018-06-02","infant",41671211,"F","C5",766,25.1147541,2.098630137,"no","NoAdversity",NA,6,2018,"ColdWet","Wet","Cold",174.2,235.1,9.787096774,20.74193548,"CEY",0,NA,2.179,"Lysate","",0,0,0,0,0,0,0,0,0,2017-10-27,1,2021-05-23,2016-04-27,2017-10-27,"weaned","young","No Adenovirus","C","SB"
"20","COU","LID_108395","RNL_2017_0225_COU","2017-10-03","infant",10506686,"F","C5",524,17.18032787,1.435616438,"no","NoAdversity",NA,10,2017,"ColdDry","Dry","Cold",119.9,1077.7,8.346666667,15.32333333,"CEY",0,NA,10.063,"Extraction","",0,0,0,0,0,0,0,0,0,2017-10-27,0,2021-05-23,2016-04-27,2017-10-27,"unweaned","young","No Adenovirus","C","SB"
"21","COU","LID_106263","RNL_2019_0592_COU","2019-11-09","infant",5425788,"F","C5",1291,42.32786885,3.536986301,"no","NoAdversity",NA,11,2019,"ColdDry","Dry","Cold",155.3166667,683.4666667,7.612903226,16.12903226,"CEY",0,NA,5.834,"Lysate","",0,0,0,0,0,0,0,0,0,2017-10-27,1,2021-05-23,2016-04-27,2017-10-27,"weaned","young","No Adenovirus","C","SB"
"22","COU","LID_105924","RNL_2018_0269_COU","2018-03-02","infant",10407335,"F","C5",674,22.09836066,1.846575342,"no","NoAdversity",NA,3,2018,"HotDry","Dry","Hot",2.2,2.2,8.032142857,18.225,"CEY",0,NA,15.3,"Lysate","",0,0,0,0,0,0,0,0,0,2017-10-27,1,2021-05-23,2016-04-27,2017-10-27,"weaned","young","No Adenovirus","C","SB"
"23","COU","LID_108303","RNL_2017_0134_COU","2017-08-03","infant",9592573,"F","C5",463,15.18032787,1.268493151,"no","NoAdversity",NA,8,2017,"ColdWet","Wet","Cold",459.2,1030.9,9.219354839,13.98709677,"CEY",0,NA,5.28,"Extraction","",0,0,1,0,0,0,0,1,1,2017-10-27,0,2021-05-23,2016-04-27,2017-10-27,"unweaned","young","Adenovirus","C","SB"
"24","COU","LID_106300","RNL_2018_1283_COU","2018-10-01","infant",8938288,"F","C5",887,29.08196721,2.430136986,"no","NoAdversity",NA,10,2018,"ColdDry","Dry","Cold",158.6,1093.9,8.226666667,16.18,"CEY",0,NA,1.91,"Lysate","",0,0,0,0,0,0,0,0,0,2017-10-27,1,2021-05-23,2016-04-27,2017-10-27,"weaned","young","No Adenovirus","C","SB"
"25","COU","LID_106288","RNL_2016_0197_COU","2016-05-27","infant",1709062,"F","C5",30,0.983606557,0.082191781,"no","NoAdversity",NA,5,2016,"HotDry","Dry","Hot",250.1,333.5,9.953333333,19.23333333,"CEY",0,NA,14.331,"Lysate","",0,0,0,0,0,0,0,0,0,2017-10-27,0,2021-05-23,2016-04-27,2017-10-27,"unweaned","young","No Adenovirus","C","SB"
"26","COU","LID_105960","RNL_2017_0039_COU","2017-06-06","infant",8419972,"F","C5",405,13.27868852,1.109589041,"no","NoAdversity",NA,6,2017,"ColdWet","Wet","Cold",267.9,495.9,9.538709677,18.97096774,"CEY",0,NA,9.842,"Lysate","",0,0,0,0,0,0,0,0,0,2017-10-27,0,2021-05-23,2016-04-27,2017-10-27,"unweaned","young","No Adenovirus","C","SB"
"27","COU","LID_108418","RNL_2017_0005_COU","2017-06-01","infant",11735321,"F","C5",400,13.1147541,1.095890411,"no","NoAdversity",NA,6,2017,"ColdWet","Wet","Cold",216.8,428.8,9.590322581,19.4483871,"CEY",0,NA,14.295,"Extraction","",0,0,0,0,0,0,0,0,0,2017-10-27,0,2021-05-23,2016-04-27,2017-10-27,"unweaned","young","No Adenovirus","C","SB"
"28","COU","LID_105967","RNL_2017_0526_COU","2017-12-01","infant",8667976,"F","C5",583,19.1147541,1.597260274,"no","NoAdversity",NA,12,2017,"ColdDry","Dry","Cold",27.2,403.4,7.24,15.45666667,"CEY",0,NA,7.09,"Lysate","",0,0,0,0,0,0,0,0,0,2017-10-27,1,2021-05-23,2016-04-27,2017-10-27,"weaned","young","No Adenovirus","C","SB"
"29","COW","LID_106285","RNL_2018_0945_COW","2018-07-03","infant",11650083,"F","C3",458,15.01639344,1.254794521,"no","NoAdversity",NA,7,2018,"ColdWet","Wet","Cold",279.3,509.3,8.573333333,15.24666667,"CAS",0,NA,1.909,"Lysate","",0,0,0,0,0,0,0,0,0,2018-10-01,0,2022-03-21,2017-04-01,2018-10-01,"unweaned","young","No Adenovirus","C","SB"
"30","COW","LID_105979","RNL_2018_0169_COW","2018-02-05","infant",11941469,"F","C3",310,10.16393443,0.849315068,"no","NoAdversity",NA,2,2018,"HotDry","Dry","Hot",0,21.8,6.690322581,15.3,"CAS",0,NA,5.322,"Lysate","",0,0,0,0,0,0,0,0,0,2018-10-01,0,2022-03-21,2017-04-01,2018-10-01,"unweaned","young","No Adenovirus","C","SB"
"31","COW","LID_106611","RNL_2018_1204_COW","2018-09-03","infant",16932539,"F","C3",520,17.04918033,1.424657534,"no","NoAdversity",NA,9,2018,"ColdWet","Wet","Cold",448.3,1204.5,7.941935484,14.18709677,"CAS",0,NA,3.506,"Lysate","",0,0,0,0,0,0,0,0,0,2018-10-01,0,2022-03-21,2017-04-01,2018-10-01,"unweaned","young","No Adenovirus","C","SB"
"32","COW","LID_105871","RNL_2017_0546_COW","2017-12-02","infant",7589399,"F","C3",245,8.032786885,0.671232877,"no","NoAdversity",NA,12,2017,"ColdDry","Dry","Cold",27.2,398.3,7.246666667,15.48,"CAS",1,"LID_105873",7.5,"Lysate","",0,0,0,0,0,0,0,0,0,2018-10-01,0,2022-03-21,2017-04-01,2018-10-01,"unweaned","young","No Adenovirus","C","SB"
"33","COW","LID_106631","RNL_2018_0386_COW","2018-04-02","infant",8302237,"F","C3",366,12,1.002739726,"no","NoAdversity",NA,4,2018,"HotDry","Dry","Hot",19.6,21.8,8.216129032,20.00322581,"CAS",1,"LID_105994",2.729,"Lysate","",0,0,0,0,0,0,0,0,0,2018-10-01,0,2022-03-21,2017-04-01,2018-10-01,"unweaned","young","No Adenovirus","C","SB"
"34","COW","LID_106632","RNL_2019_0504_COW","2019-09-24","infant",36246484,"F","C3",906,29.70491803,2.482191781,"no","NoAdversity",NA,9,2019,"ColdWet","Wet","Cold",238,1067.5,9.090322581,15.18387097,"CAS",0,NA,10.579,"Lysate","",0,0,0,0,0,0,0,0,0,2018-10-01,1,2022-03-21,2017-04-01,2018-10-01,"weaned","young","No Adenovirus","C","SB"
"35","COW","LID_106272","RNL_2018_1426_COW","2018-11-12","infant",6621232,"F","C3",590,19.3442623,1.616438356,"no","NoAdversity",NA,11,2018,"ColdDry","Dry","Cold",110.5,688.5,8.138709677,15.10967742,"CAS",0,NA,4.995,"Lysate","",0,0,0,0,0,0,0,0,0,2018-10-01,1,2022-03-21,2017-04-01,2018-10-01,"weaned","young","No Adenovirus","C","SB"
"36","COW","LID_108304","RNL_2017_0193_COW","2017-08-29","infant",5655089,"F","C3",150,4.918032787,0.410958904,"no","NoAdversity",NA,8,2017,"ColdWet","Wet","Cold",496.2,1301.6,8.380645161,13.72258065,"CAS",1,"LID_108310",6.28,"Extraction","",0,0,1,0,0,0,0,1,1,2018-10-01,0,2022-03-21,2017-04-01,2018-10-01,"unweaned","young","Adenovirus","C","SB"
"37","COW","LID_108394","RNL_2017_0200_COW","2017-10-03","infant",9197987,"F","C3",185,6.06557377,0.506849315,"no","NoAdversity",NA,10,2017,"ColdDry","Dry","Cold",119.9,1077.7,8.346666667,15.32333333,"CAS",1,"LID_108307",10.376,"Extraction","",0,0,0,0,0,0,0,0,0,2018-10-01,0,2022-03-21,2017-04-01,2018-10-01,"unweaned","young","No Adenovirus","C","SB"
"38","COW","LID_107901","RNL_2019_0264_COW","2019-04-04","infant",13866037,"F","C3",733,24.03278689,2.008219178,"no","NoAdversity",NA,4,2019,"HotDry","Dry","Hot",10.3,17.3,11.4,19.3483871,"CAS",0,NA,9.467,"Lysate","",0,0,0,0,0,0,0,0,0,2018-10-01,1,2022-03-21,2017-04-01,2018-10-01,"weaned","young","No Adenovirus","C","SB"
"39","CRY","LID_106298","RNL_2017_0030_CRY","2017-06-05","infant",9277250,"F","C3",454,14.8852459,1.243835616,"no","NoAdversity",NA,6,2017,"ColdWet","Wet","Cold",272.7,488.7,9.593548387,19.11290323,"CLO",0,NA,2.211,"Lysate","",0,0,0,0,0,0,0,0,0,2017-09-08,0,2021-05-23,2016-03-08,2017-09-08,"unweaned","young","No Adenovirus","C","SB"
"40","CRY","LID_105999","RNL_2018_0798_CRY","2018-06-02","infant",5065967,"F","C3",816,26.75409836,2.235616438,"no","NoAdversity",NA,6,2018,"ColdWet","Wet","Cold",174.2,235.1,9.787096774,20.74193548,"CLO",0,NA,8.975,"Lysate","",0,0,0,0,0,0,0,0,0,2017-09-08,1,2021-05-23,2016-03-08,2017-09-08,"weaned","young","No Adenovirus","C","SB"
"41","CRY","LID_106628","RNL_2016_0074_CRY","2016-03-10","infant",6131618,"F","C3",2,0.06557377,0.005479452,"no","NoAdversity",NA,3,2016,"HotDry","Dry","Hot",0,26.1,9.844827586,19.96551724,"CLO",0,NA,3.005,"Lysate","",0,0,0,0,0,0,0,0,0,2017-09-08,0,2021-05-23,2016-03-08,2017-09-08,"unweaned","young","No Adenovirus","C","SB"
"42","CRY","LID_108298","RNL_2017_0095_CRY","2017-06-29","infant",6429360,"F","C3",478,15.67213115,1.309589041,"no","NoAdversity",NA,6,2017,"ColdWet","Wet","Cold",330.3,693.5,9.235483871,17.69032258,"CLO",0,NA,5,"Extraction","",0,0,0,0,0,0,0,0,0,2017-09-08,0,2021-05-23,2016-03-08,2017-09-08,"unweaned","young","No Adenovirus","C","SB"
"43","CRY","LID_106624","RNL_2019_0448_CRY","2019-08-20","infant",17571766,"F","C3",1260,41.31147541,3.452054795,"no","NoAdversity",NA,8,2019,"ColdWet","Wet","Cold",478.6,1168.17,9.516129032,14.72258065,"CLO",0,NA,10.689,"Lysate","",0,0,0,0,0,0,0,0,0,2017-09-08,1,2021-05-23,2016-03-08,2017-09-08,"weaned","young","No Adenovirus","C","SB"
"44","CRY","LID_106622","RNL_2018_0288_CRY","2018-03-03","infant",22626102,"F","C3",725,23.7704918,1.98630137,"no","NoAdversity",NA,3,2018,"HotDry","Dry","Hot",2.2,2.2,7.978571429,18.27142857,"CLO",0,NA,3.329,"Lysate","",0,0,0,0,0,0,0,0,0,2017-09-08,1,2021-05-23,2016-03-08,2017-09-08,"weaned","young","No Adenovirus","C","SB"
"45","CRY","LID_106010","RNL_2017_0542_CRY","2017-12-02","infant",11186099,"F","C3",634,20.78688525,1.736986301,"no","NoAdversity",NA,12,2017,"ColdDry","Dry","Cold",27.2,398.3,7.246666667,15.48,"CLO",0,NA,18.273,"Lysate","",0,0,0,0,0,0,0,0,0,2017-09-08,1,2021-05-23,2016-03-08,2017-09-08,"weaned","young","No Adenovirus","C","SB"
"46","CRY","LID_107904","RNL_2019_0125_CRY","2019-02-06","infant",41369147,"F","C3",1065,34.91803279,2.917808219,"no","NoAdversity",NA,2,2019,"HotDry","Dry","Hot",0,57.4,7.183870968,15.02580645,"CLO",0,NA,6.435,"Lysate","",0,0,0,0,0,0,0,0,0,2017-09-08,1,2021-05-23,2016-03-08,2017-09-08,"weaned","young","No Adenovirus","C","SB"
"47","CRY","LID_106295","RNL_2018_1201_CRY","2018-09-03","infant",5022169,"F","C3",909,29.80327869,2.490410959,"no","NoAdversity",NA,9,2018,"ColdWet","Wet","Cold",448.3,1204.5,7.941935484,14.18709677,"CLO",0,NA,9.487,"Lysate","",0,0,0,0,0,0,0,0,0,2017-09-08,1,2021-05-23,2016-03-08,2017-09-08,"weaned","young","No Adenovirus","C","SB"
"48","CYR","LID_108396","RNL_2017_0227_CYR","2017-10-03","infant",11242574,"M","C5",625,20.49180328,1.712328767,"no","NoAdversity",NA,10,2017,"ColdDry","Dry","Cold",119.9,1077.7,8.346666667,15.32333333,"CAP",0,NA,9.099,"Extraction","",0,0,0,0,0,0,0,0,0,2017-03-30,1,NA,2016-01-17,2017-07-17,"weaned","young","No Adenovirus","C","SB"
"49","CYR","LID_106602","RNL_2016_0199_CYR","2016-05-31","infant",29444203,"M","C5",135,4.426229508,0.369863014,"no","NoAdversity",NA,5,2016,"HotDry","Dry","Hot",259.4,353.3,9.848387097,19.07096774,"CAP",0,NA,12.779,"Lysate","",0,0,0,0,0,1,0,1,1,2017-03-30,0,NA,2016-01-17,2017-07-17,"unweaned","young","Adenovirus","C","SB"
"50","CYR","LID_105996","RNL_2018_1123_CYR","2018-08-02","infant",12751002,"M","C5",928,30.42622951,2.542465753,"no","NoAdversity",NA,8,2018,"ColdWet","Wet","Cold",466.9,931.9,8.096774194,13.9,"CAP",0,NA,8.99,"Lysate","",0,0,0,0,0,0,0,0,0,2017-03-30,1,NA,2016-01-17,2017-07-17,"weaned","young","No Adenovirus","C","SB"
"51","CYR","LID_108393","RNL_2017_0125_CYR","2017-08-02","infant",25233932,"M","C5",563,18.45901639,1.542465753,"no","NoAdversity",NA,8,2017,"ColdWet","Wet","Cold",466,1028.5,9.332258065,13.99354839,"CAP",0,NA,15.563,"Extraction","",0,0,0,0,0,0,0,0,0,2017-03-30,1,NA,2016-01-17,2017-07-17,"weaned","young","No Adenovirus","C","SB"
"52","CYR","LID_106268","RNL_2019_0407_CYR","2019-07-05","infant",9368938,"M","C5",1265,41.47540984,3.465753425,"no","NoAdversity",NA,7,2019,"ColdWet","Wet","Cold",344.97,608.37,7.71,14.65333333,"CAP",0,NA,5.908,"Lysate","",0,0,0,0,0,0,0,0,0,2017-03-30,1,NA,2016-01-17,2017-07-17,"weaned","young","No Adenovirus","C","SB"
"53","CYR","LID_105961","RNL_2017_0038_CYR","2017-06-06","infant",25320753,"M","C5",506,16.59016393,1.38630137,"no","NoAdversity",NA,6,2017,"ColdWet","Wet","Cold",267.9,495.9,9.538709677,18.97096774,"CAP",0,NA,2.203,"Lysate","",0,0,0,0,0,0,0,0,0,2017-03-30,1,NA,2016-01-17,2017-07-17,"unweaned","young","No Adenovirus","C","SB"
"54","CYR","LID_105959","RNL_2018_0170_CYR","2018-02-05","infant",7177810,"M","C5",750,24.59016393,2.054794521,"no","NoAdversity",NA,2,2018,"HotDry","Dry","Hot",0,21.8,6.690322581,15.3,"CAP",0,NA,17.112,"Lysate","",0,0,0,0,0,0,0,0,0,2017-03-30,1,NA,2016-01-17,2017-07-17,"weaned","young","No Adenovirus","C","SB"
"55","CYR","LID_105964","RNL_2017_0528_CYR","2017-12-01","infant",8249744,"M","C5",684,22.42622951,1.873972603,"no","NoAdversity",NA,12,2017,"ColdDry","Dry","Cold",27.2,403.4,7.24,15.45666667,"CAP",0,NA,11.793,"Lysate","",0,0,0,0,0,0,0,0,0,2017-03-30,1,NA,2016-01-17,2017-07-17,"weaned","young","No Adenovirus","C","SB"
"56","CYR","LID_106591","RNL_2018_0659_CYR","2018-05-02","infant",14105406,"M","C5",836,27.40983607,2.290410959,"no","NoAdversity",NA,5,2018,"HotDry","Dry","Hot",41.3,63.1,9.116666667,20.41333333,"CAP",0,NA,7.16,"Lysate","",0,0,1,0,0,0,0,1,1,2017-03-30,1,NA,2016-01-17,2017-07-17,"weaned","young","Adenovirus","C","SB"
"57","CYR","LID_106291","RNL_2016_0079_CYR","2016-03-22","infant",17900303,"M","C5",65,2.131147541,0.178082192,"no","NoAdversity",NA,3,2016,"HotDry","Dry","Hot",56.4,65.5,10.48965517,21.4137931,"CAP",0,NA,2.187,"Lysate","",0,0,0,0,0,0,0,0,0,2017-03-30,0,NA,2016-01-17,2017-07-17,"unweaned","young","No Adenovirus","C","SB"
"58","DAS","LID_108408","RNL_2017_0149_DAS","2017-08-09","infant",16254837,"F","D",593,19.44262295,1.624657534,"yes","Takeover","2017-02-04",8,2017,"ColdWet","Wet","Cold",536.9,1139.2,8.796774194,13.71612903,"DIA",0,NA,8.167,"Extraction","",0,0,0,0,0,0,0,0,0,2017-02-17,1,2020-09-12,2015-12-25,2017-06-25,"weaned","young","No Adenovirus","D","SB"
"59","DAS","LID_106259","RNL_2018_1436_DAS","2018-11-13","infant",13959275,"F","D1",1054,34.55737705,2.887671233,"yes","Takeover","2017-02-04",11,2018,"ColdDry","Dry","Cold",101.5,678,8.080645161,14.98387097,"DIA",0,NA,6.232,"Lysate","",0,0,0,0,0,0,0,0,0,2017-02-17,1,2020-09-12,2015-12-25,2017-06-25,"weaned","young","No Adenovirus","D","SB"
"60","DAS","LID_107893","RNL_2019_0374_DAS","2019-06-06","infant",10406214,"F","D1",1259,41.27868852,3.449315068,"yes","Takeover","2017-02-04",6,2019,"ColdWet","Wet","Cold",211.5,274.8,8.003225806,19.19354839,"DIA",0,NA,4.164,"Lysate","",0,0,0,0,0,0,0,0,0,2017-02-17,1,2020-09-12,2015-12-25,2017-06-25,"weaned","young","No Adenovirus","D","SB"
"61","DAS","LID_108287","RNL_2017_0081_DAS","2017-06-16","infant",10749494,"F","D",539,17.67213115,1.476712329,"yes","Takeover","2017-02-04",6,2017,"ColdWet","Wet","Cold",283.8,597,9.561290323,18.93225806,"DIA",0,NA,9.5,"Extraction","",0,0,0,0,0,0,0,0,0,2017-02-17,1,2020-09-12,2015-12-25,2017-06-25,"unweaned","young","No Adenovirus","D","SB"
"62","DAS","LID_105984","RNL_03NOV17_0357_DAS","2017-11-03","infant",9024682,"F","D",679,22.26229508,1.860273973,"yes","Takeover","2017-02-04",11,2017,"ColdDry","Dry","Cold",246,864.5,7.990322581,15.82903226,"DIA",0,NA,9.375,"Lysate","",0,0,0,0,0,0,1,1,1,2017-02-17,1,2020-09-12,2015-12-25,2017-06-25,"weaned","young","Adenovirus","D","SB"
"63","DAS","LID_105872","RNL_2016_0203_DAS","2016-06-01","infant",12118097,"F","D",159,5.213114754,0.435616438,"no","NoAdversity","2017-02-04",6,2016,"ColdWet","Wet","Cold",257.35,356.5,9.816129032,18.90967742,"DIA",1,"LID_105988",14.3,"Lysate","",0,0,0,0,0,0,0,0,0,2017-02-17,0,2020-09-12,2015-12-25,2017-06-25,"unweaned","young","No Adenovirus","D","SB"
"64","DAS","LID_105944","RNL_2018_0790_DAS","2018-06-02","infant",21068509,"F","D",890,29.18032787,2.438356164,"yes","Takeover","2017-02-04",6,2018,"ColdWet","Wet","Cold",174.2,235.1,9.787096774,20.74193548,"DIA",0,NA,12.7,"Lysate","",0,0,0,0,0,0,0,0,0,2017-02-17,1,2020-09-12,2015-12-25,2017-06-25,"weaned","young","No Adenovirus","D","SB"
"65","DAS","LID_108407","RNL_2016_0071_DAS","2016-02-29","infant",14486906,"F","D",66,2.163934426,0.180821918,"no","NoAdversity","2017-02-04",2,2016,"HotDry","Dry","Hot",0,37.7,8.661290323,18.19354839,"DIA",0,NA,8.021,"Extraction_Lysate","",0,0,0,0,0,0,0,0,0,2017-02-17,0,2020-09-12,2015-12-25,2017-06-25,"unweaned","young","No Adenovirus","D","SB"
"66","DAS","LID_108404","RNL_2017_0260_DAS","2017-10-09","infant",28559592,"F","D",654,21.44262295,1.791780822,"yes","Takeover","2017-02-04",10,2017,"ColdDry","Dry","Cold",146.1,1058.5,8.316666667,15.47666667,"DIA",0,NA,11.23,"Extraction","",0,0,0,0,0,0,0,0,0,2017-02-17,1,2020-09-12,2015-12-25,2017-06-25,"weaned","young","No Adenovirus","D","SB"
"67","DAS","LID_108419","RNL_2016_0106_DAS","2016-04-06","infant",7918958,"F","D",103,3.37704918,0.282191781,"no","NoAdversity","2017-02-04",4,2016,"HotDry","Dry","Hot",64.4,64.4,10.77741935,22.19354839,"DIA",1,"LID_106636",11.723,"Extraction_Lysate","",0,0,0,0,0,0,0,0,0,2017-02-17,0,2020-09-12,2015-12-25,2017-06-25,"unweaned","young","No Adenovirus","D","SB"
"68","DAX","LID_106001","RNL_2018_0369_DAX","2018-03-28","adult",11143122,"M","D",3703,121.4098361,10.14520548,NA,NA,NA,3,2018,"HotDry","Dry","Hot",3,5.2,8.196428571,19.98214286,NA,0,NA,5.522,"Lysate","",0,0,0,0,0,0,0,0,0,NA,1,NA,2008-02-06,2009-08-06,"adult","adult","No Adenovirus","D","SB"
"69","DDA","LID_107892","RNL_2020_0011_DDA","2020-01-07","infant",6985428,"M","D2",1310,42.95081967,3.589041096,"yes","Takeover","2017-02-04",1,2020,"ColdDry","Dry","Cold",7.3,383.4166667,5.358064516,15.23548387,"DES",0,NA,2.944,"Lysate","",0,0,0,0,0,0,0,0,0,2017-02-21,1,NA,2016-06-06,2017-12-06,"weaned","young","No Adenovirus","D","SB"
"70","DDA","LID_108425","RNL_2017_0233_DDA","2017-10-03","infant",14499216,"M","D",484,15.86885246,1.326027397,"yes","Takeover","2017-02-04",10,2017,"ColdDry","Dry","Cold",119.9,1077.7,8.346666667,15.32333333,"DES",0,NA,11.191,"Extraction","",0,0,0,0,0,0,0,0,0,2017-02-21,1,NA,2016-06-06,2017-12-06,"unweaned","young","No Adenovirus","D","SB"
"71","DDA","LID_105993","RNL_2018_0016_DDA","2018-01-01","infant",10404790,"M","D",574,18.81967213,1.57260274,"yes","Takeover","2017-02-04",1,2018,"ColdDry","Dry","Cold",0,273.8,6.129032258,15.13548387,"DES",0,NA,6.837,"Lysate","",0,0,0,0,0,0,0,0,0,2017-02-21,1,NA,2016-06-06,2017-12-06,"weaned","young","No Adenovirus","D","SB"
"72","DDA","LID_105926","RNL_2018_0762_DDA","2018-06-01","infant",23524021,"M","D",725,23.7704918,1.98630137,"yes","Takeover","2017-02-04",6,2018,"ColdWet","Wet","Cold",134.2,195.1,9.929032258,20.91290323,"DES",0,NA,22,"Lysate","",0,0,0,0,0,0,0,0,0,2017-02-21,1,NA,2016-06-06,2017-12-06,"weaned","young","No Adenovirus","D","SB"
"73","DDA","LID_106282","RNL_2017_0074_DDA","2017-06-12","infant",10093584,"M","D",371,12.16393443,1.016438356,"yes","Takeover","2017-02-04",6,2017,"ColdWet","Wet","Cold",292.9,529.1,9.522580645,18.6,"DES",0,NA,3.024,"Lysate","",0,0,0,0,0,0,0,0,0,2017-02-21,1,NA,2016-06-06,2017-12-06,"unweaned","young","No Adenovirus","D","SB"
"74","DDA","LID_106608","RNL_2018_1230_DDA","2018-09-07","infant",7060825,"M","D2",823,26.98360656,2.254794521,"yes","Takeover","2017-02-04",9,2018,"ColdWet","Wet","Cold",437,1198.2,7.987096774,14.31290323,"DES",0,NA,9.16,"Lysate","",0,0,0,0,0,0,0,0,0,2017-02-21,1,NA,2016-06-06,2017-12-06,"weaned","young","No Adenovirus","D","SB"
"75","DDA","LID_105953","RNL_22NOV17_0452_DDA","2017-11-22","infant",8044026,"M","D",534,17.50819672,1.463013699,"yes","Takeover","2017-02-04",11,2017,"ColdDry","Dry","Cold",77.1,593.4,7.612903226,15.6,"DES",0,NA,10.952,"Lysate","",0,0,0,0,0,0,0,0,0,2017-02-21,1,NA,2016-06-06,2017-12-06,"unweaned","young","No Adenovirus","D","SB"
"76","DDA","LID_105937","RNL_2019_0008_DDA","2019-01-03","infant",15524521,"M","D2",941,30.85245902,2.578082192,"yes","Takeover","2017-02-04",1,2019,"ColdDry","Dry","Cold",2.4,220.9,7.396774194,12.68064516,"DES",0,NA,8.5,"Lysate","",0,0,0,0,0,0,0,0,0,2017-02-21,1,NA,2016-06-06,2017-12-06,"weaned","young","No Adenovirus","D","SB"
"77","DDA","LID_107903","RNL_2019_0335_DDA","2019-05-08","infant",16874508,"M","D2",1066,34.95081967,2.920547945,"yes","Takeover","2017-02-04",5,2019,"HotDry","Dry","Hot",51.7,70.4,9.756666667,22.39333333,"DES",0,NA,3.455,"Lysate","",0,0,0,0,0,0,0,0,0,2017-02-21,1,NA,2016-06-06,2017-12-06,"weaned","young","No Adenovirus","D","SB"
"78","DDA","LID_106635","RNL_2017_0019_DDA","2017-06-02","infant",15208843,"M","D",361,11.83606557,0.989041096,"yes","Takeover","2017-02-04",6,2017,"ColdWet","Wet","Cold",216.8,428.8,9.603225806,19.38709677,"DES",0,NA,2.316,"Lysate","",0,0,0,0,0,0,0,0,0,2017-02-21,1,NA,2016-06-06,2017-12-06,"unweaned","young","No Adenovirus","D","SB"
"79","DEA","LID_108297","RNL_2016_0143_DEA","2016-04-28","infant",7876398,"M","D",10,0.327868852,0.02739726,"no","NoAdversity","2017-02-04",4,2016,"HotDry","Dry","Hot",27.5,83.9,11.03225806,23.18064516,"DEB",0,NA,1.97,"Extraction","",0,0,0,0,0,0,0,0,0,2017-02-24,0,NA,2016-04-18,2017-10-18,"unweaned","young","No Adenovirus","D","SB"
"80","DEA","LID_108311","RNL_2017_0222_DEA","2017-10-02","infant",6833568,"M","D",532,17.44262295,1.457534247,"yes","Takeover","2017-02-04",10,2017,"ColdDry","Dry","Cold",124.8,1086.6,8.383333333,15.35,"DEB",0,NA,8.36,"Extraction","",0,0,0,0,0,0,0,0,0,2017-02-24,1,NA,2016-04-18,2017-10-18,"unweaned","young","No Adenovirus","D","SB"
"81","DEA","LID_105867","RNL_06NOV17_0391_DEA","2017-11-06","infant",7105889,"M","D",567,18.59016393,1.553424658,"yes","Takeover","2017-02-04",11,2017,"ColdDry","Dry","Cold",244.8,856.9,7.825806452,15.67096774,"DEB",0,NA,13.7,"Lysate","",0,0,0,0,1,0,0,1,1,2017-02-24,1,NA,2016-04-18,2017-10-18,"weaned","young","Adenovirus","D","SB"
"82","DEA","LID_108414","RNL_2016_0233_DEA","2016-06-20","infant",3740244,"M","D",63,2.06557377,0.17260274,"no","NoAdversity","2017-02-04",6,2016,"ColdWet","Wet","Cold",235.2,488.2,10.06774194,18.80967742,"DEB",0,NA,6.417,"Extraction_Lysate","",0,0,0,0,0,1,0,1,1,2017-02-24,0,NA,2016-04-18,2017-10-18,"unweaned","young","Adenovirus","D","SB"
"83","DEA","LID_106003","RNL_2018_1401_DEA","2018-11-09","infant",26561939,"M","D2",935,30.6557377,2.561643836,"yes","Takeover","2017-02-04",11,2018,"ColdDry","Dry","Cold",107.5,711,8.15483871,15.20967742,"DEB",0,NA,3.524,"Lysate","",0,0,0,0,0,0,0,0,0,2017-02-24,1,NA,2016-04-18,2017-10-18,"weaned","young","No Adenovirus","D","SB"
"84","DEA","LID_106302","RNL_2017_0011_DEA","2017-06-02","infant",8188190,"M","D",410,13.44262295,1.123287671,"yes","Takeover","2017-02-04",6,2017,"ColdWet","Wet","Cold",216.8,428.8,9.603225806,19.38709677,"DEB",0,NA,5.593,"Lysate","",0,0,0,0,0,0,1,1,1,2017-02-24,1,NA,2016-04-18,2017-10-18,"unweaned","young","Adenovirus","D","SB"
"85","DEA","LID_106617","RNL_2019_0543_DEA","2019-10-22","infant",29687495,"M","D2",1282,42.03278689,3.512328767,"yes","Takeover","2017-02-04",10,2019,"ColdDry","Dry","Cold",210.0404762,920.9833333,8.46,16.44333333,"DEB",0,NA,9.35,"Lysate","",0,0,0,0,0,0,0,0,0,2017-02-24,1,NA,2016-04-18,2017-10-18,"weaned","young","No Adenovirus","D","SB"
"86","DEA","LID_106256","RNL_2017_0004_DEA","2017-05-24","infant",11897741,"M","D",401,13.14754098,1.098630137,"yes","Takeover","2017-02-04",5,2017,"HotDry","Dry","Hot",300.2,351.2,9.4,19.75333333,"DEB",0,NA,4.5,"Lysate","",0,0,0,0,0,0,0,0,0,2017-02-24,1,NA,2016-04-18,2017-10-18,"unweaned","young","No Adenovirus","D","SB"
"87","DEA","LID_105966","RNL_2018_0822_DEA","2018-06-04","infant",9216405,"M","D",777,25.47540984,2.128767123,"yes","Takeover","2017-02-04",6,2018,"ColdWet","Wet","Cold",191.7,252.6,9.706451613,20.27419355,"DEB",0,NA,8.269,"Lysate","",0,0,0,0,0,0,0,0,0,2017-02-24,1,NA,2016-04-18,2017-10-18,"weaned","young","No Adenovirus","D","SB"
"88","DIA","LID_105988","RNL_2016_0204_DIA","2016-06-01","adult",10831603,"F","D",3295,108.0327869,9.02739726,NA,NA,NA,6,2016,"ColdWet","Wet","Cold",257.35,356.5,9.816129032,18.90967742,NA,1,"LID_105872",6.229,"Lysate","",0,0,0,0,0,0,0,0,0,2008-06-17,1,2011-10-18,2007-05-25,2008-11-25,"adult","adult","No Adenovirus","D","SB"
"89","DIA","LID_106636","RNL_2016_0107_DIA","2016-04-06","adult",8971671,"F","D",3239,106.1967213,8.873972603,NA,NA,NA,4,2016,"HotDry","Dry","Hot",64.4,64.4,10.77741935,22.19354839,NA,1,"LID_108419",1.83,"Lysate","",0,0,0,0,0,0,0,0,0,2008-06-17,1,2011-10-18,2007-05-25,2008-11-25,"adult","adult","No Adenovirus","D","SB"
"90","DIX","LID_106612","RNL_2016_0117_DIX","2016-04-11","adult",25471723,"F","D",2644,86.68852459,7.243835616,NA,NA,NA,4,2016,"HotDry","Dry","Hot",64.4,64.4,10.76451613,22.44516129,NA,1,"LID_106620",6.14,"Lysate","",0,0,0,0,0,0,0,0,0,2010-04-21,1,2015-03-09,2009-01-14,2010-07-14,"adult","adult","No Adenovirus","D","SB"
"91","DIX","LID_106007","RNL_2016_0213_DIX","2016-06-07","adult",17167864,"F","D",2701,88.55737705,7.4,NA,NA,NA,6,2016,"ColdWet","Wet","Cold",244,387.8,10.10645161,19.31612903,NA,1,"LID_107883",19.999,"Lysate","",0,0,0,0,0,0,0,0,0,2010-04-21,1,2015-03-09,2009-01-14,2010-07-14,"adult","adult","No Adenovirus","D","SB"
"92","DRP","LID_108288","RNL_2016_0108_DRP","2016-04-06","infant",17669394,"M","D",32,1.049180328,0.087671233,"no","NoAdversity","2017-02-04",4,2016,"HotDry","Dry","Hot",64.4,64.4,10.77741935,22.19354839,"DEL",0,NA,2.24,"Extraction","",0,0,0,0,0,0,0,0,0,2017-02-27,0,NA,2016-03-05,2017-09-05,"unweaned","young","No Adenovirus","D","SB"
"93","DRP","LID_108399","RNL_2017_0032_DRP","2017-06-05","infant",11227935,"M","D",457,14.98360656,1.252054795,"yes","Takeover","2017-02-04",6,2017,"ColdWet","Wet","Cold",272.7,488.7,9.593548387,19.11290323,"DEL",0,NA,7.417,"Extraction","",0,0,0,0,0,0,0,0,0,2017-02-27,1,NA,2016-03-05,2017-09-05,"unweaned","young","No Adenovirus","D","SB"
"94","DRP","LID_106604","RNL_2018_1235_DRP","2018-09-10","infant",34513345,"M","D1",919,30.13114754,2.517808219,"yes","Takeover","2017-02-04",9,2018,"ColdWet","Wet","Cold",401,1209.1,8.061290323,14.67741935,"DEL",0,NA,8.447,"Lysate","",0,0,0,0,0,0,0,0,0,2017-02-27,1,NA,2016-03-05,2017-09-05,"weaned","young","No Adenovirus","D","SB"
"95","DRP","LID_108403","RNL_2017_0231_DRP","2017-10-03","infant",31646435,"M","D",577,18.91803279,1.580821918,"yes","Takeover","2017-02-04",10,2017,"ColdDry","Dry","Cold",119.9,1077.7,8.346666667,15.32333333,"DEL",0,NA,18.358,"Extraction","",0,0,0,0,0,0,0,0,0,2017-02-27,1,NA,2016-03-05,2017-09-05,"weaned","young","No Adenovirus","D","SB"
"96","DRP","LID_106011","RNL_2016_0201_DRP","2016-06-01","infant",14723564,"M","D",88,2.885245902,0.24109589,"no","NoAdversity","2017-02-04",6,2016,"ColdWet","Wet","Cold",257.35,356.5,9.816129032,18.90967742,"DEL",0,NA,14.031,"Lysate","",0,0,0,0,0,0,0,0,0,2017-02-27,0,NA,2016-03-05,2017-09-05,"unweaned","young","No Adenovirus","D","SB"
"97","DRP","LID_108413","RNL_2016_0158_DRP","2016-05-16","infant",13696315,"M","D",72,2.360655738,0.197260274,"no","NoAdversity","2017-02-04",5,2016,"HotDry","Dry","Hot",213.8,278.7,10.24,20.41666667,"DEL",0,NA,7.434,"Extraction_Lysate","",0,0,0,0,0,0,0,0,0,2017-02-27,0,NA,2016-03-05,2017-09-05,"unweaned","young","No Adenovirus","D","SB"
"98","DRP","LID_108400","RNL_2017_0143_DRP","2017-08-09","infant",10980598,"M","D",522,17.1147541,1.430136986,"yes","Takeover","2017-02-04",8,2017,"ColdWet","Wet","Cold",536.9,1139.2,8.796774194,13.71612903,"DEL",0,NA,7.625,"Extraction","",0,0,0,0,0,0,0,0,0,2017-02-27,1,NA,2016-03-05,2017-09-05,"unweaned","young","No Adenovirus","D","SB"
"99","DRP","LID_105930","RNL_06NOV17_0385_DRP","2017-11-06","infant",7123192,"M","D",611,20.03278689,1.673972603,"yes","Takeover","2017-02-04",11,2017,"ColdDry","Dry","Cold",244.8,856.9,7.825806452,15.67096774,"DEL",0,NA,6.34,"Lysate","",0,0,0,0,0,0,0,0,0,2017-02-27,1,NA,2016-03-05,2017-09-05,"weaned","young","No Adenovirus","D","SB"
"100","DRP","LID_106618","RNL_2019_0492_DRP","2019-09-07","infant",15590580,"M","D1",1281,42,3.509589041,"yes","Takeover","2017-02-04",9,2019,"ColdWet","Wet","Cold",330.8,1197.47,9.438709677,15.42903226,"DEL",0,NA,3.798,"Lysate","",0,0,0,0,0,0,0,0,0,2017-02-27,1,NA,2016-03-05,2017-09-05,"weaned","young","No Adenovirus","D","SB"
"101","DRP","LID_106597","RNL_2018_0392_DRP","2018-04-02","infant",12882085,"M","D",758,24.85245902,2.076712329,"yes","Takeover","2017-02-04",4,2018,"HotDry","Dry","Hot",19.6,21.8,8.216129032,20.00322581,"DEL",0,NA,4.583,"Lysate","",0,0,0,0,0,0,0,0,0,2017-02-27,1,NA,2016-03-05,2017-09-05,"weaned","young","No Adenovirus","D","SB"
"102","DUC","LID_106620","RNL_2016_0116_DUC","2016-04-11","infant",9912851,"F","D",46,1.508196721,0.126027397,"no","NoAdversity","2017-02-04",4,2016,"HotDry","Dry","Hot",64.4,64.4,10.76451613,22.44516129,"DIX",1,"LID_106612",1.253,"Lysate","",0,0,0,0,0,0,0,0,0,2017-02-17,0,2020-11-24,2016-02-25,2017-08-25,"unweaned","young","No Adenovirus","D","SB"
"103","DUC","LID_106004","RNL_2018_1227_DUC","2018-09-07","infant",14881680,"F","D2",925,30.32786885,2.534246575,"yes","Takeover","2017-02-04",9,2018,"ColdWet","Wet","Cold",437,1198.2,7.987096774,14.31290323,"DIX",0,NA,7.529,"Lysate","",0,0,0,0,0,0,0,0,0,2017-02-17,1,2020-11-24,2016-02-25,2017-08-25,"weaned","young","No Adenovirus","D","SB"
"104","DUC","LID_108421","RNL_2016_0138_DUC","2016-04-19","infant",10772705,"F","D",54,1.770491803,0.147945205,"no","NoAdversity","2017-02-04",4,2016,"HotDry","Dry","Hot",34.5,65.9,10.93548387,22.62580645,"DIX",0,NA,6.583,"Extraction_Lysate","",0,0,0,0,0,0,0,0,0,2017-02-17,0,2020-11-24,2016-02-25,2017-08-25,"unweaned","young","No Adenovirus","D","SB"
"105","DUC","LID_108409","RNL_2017_0229_DUC","2017-10-03","infant",21321895,"F","D",586,19.21311475,1.605479452,"yes","Takeover","2017-02-04",10,2017,"ColdDry","Dry","Cold",119.9,1077.7,8.346666667,15.32333333,"DIX",0,NA,8.316,"Extraction","",0,1,0,0,0,0,0,1,1,2017-02-17,1,2020-11-24,2016-02-25,2017-08-25,"weaned","young","Adenovirus","D","SB"
"106","DUC","LID_106600","RNL_2018_0390_DUC","2018-04-02","infant",15005122,"F","D",767,25.14754098,2.101369863,"yes","Takeover","2017-02-04",4,2018,"HotDry","Dry","Hot",19.6,21.8,8.216129032,20.00322581,"DIX",0,NA,4.103,"Lysate","",0,0,0,0,0,0,0,0,0,2017-02-17,1,2020-11-24,2016-02-25,2017-08-25,"weaned","young","No Adenovirus","D","SB"
"107","DUC","LID_106257","RNL_2017_0013_DUC","2017-06-02","infant",5510202,"F","D",463,15.18032787,1.268493151,"yes","Takeover","2017-02-04",6,2017,"ColdWet","Wet","Cold",216.8,428.8,9.603225806,19.38709677,"DIX",0,NA,7.481,"Lysate","",0,0,0,0,0,0,0,0,0,2017-02-17,1,2020-11-24,2016-02-25,2017-08-25,"unweaned","young","No Adenovirus","D","SB"
"108","DUC","LID_106262","RNL_2019_0433_DUC","2019-07-31","infant",17378731,"F","D2",1252,41.04918033,3.430136986,"yes","Takeover","2017-02-04",7,2019,"ColdWet","Wet","Cold",402.8,923.77,8.570967742,13.89677419,"DIX",0,NA,2.256,"Lysate","",0,0,0,0,0,0,0,0,0,2017-02-17,1,2020-11-24,2016-02-25,2017-08-25,"weaned","young","No Adenovirus","D","SB"
"109","DUC","LID_105929","RNL_03NOV17_0352_DUC","2017-11-03","infant",11778374,"F","D",617,20.2295082,1.690410959,"yes","Takeover","2017-02-04",11,2017,"ColdDry","Dry","Cold",246,864.5,7.990322581,15.82903226,"DIX",0,NA,12.2,"Lysate","",0,0,0,0,0,0,0,0,0,2017-02-17,1,2020-11-24,2016-02-25,2017-08-25,"weaned","young","No Adenovirus","D","SB"
"110","DUC","LID_108301","RNL_2017_0138_DUC","2017-08-03","infant",13509185,"F","D",525,17.21311475,1.438356164,"yes","Takeover","2017-02-04",8,2017,"ColdWet","Wet","Cold",459.2,1030.9,9.219354839,13.98709677,"DIX",0,NA,2.5,"Extraction","",0,0,0,0,0,0,0,0,0,2017-02-17,1,2020-11-24,2016-02-25,2017-08-25,"unweaned","young","No Adenovirus","D","SB"
"111","DUC","LID_107883","RNL_2016_0212_DUC","2016-06-07","infant",12219821,"F","D",103,3.37704918,0.282191781,"no","NoAdversity","2017-02-04",6,2016,"ColdWet","Wet","Cold",244,387.8,10.10645161,19.31612903,"DIX",1,"LID_106007",4.451,"Lysate","",0,0,0,0,0,1,0,1,1,2017-02-17,0,2020-11-24,2016-02-25,2017-08-25,"unweaned","young","Adenovirus","D","SB"
"112","DUK","LID_106299","RNL_2017_0012_DUK","2017-06-02","infant",12793867,"M","D",431,14.13114754,1.180821918,"yes","Takeover","2017-02-04",6,2017,"ColdWet","Wet","Cold",216.8,428.8,9.603225806,19.38709677,"DAI",0,NA,2.096,"Lysate","",0,0,0,0,0,0,0,0,0,2017-02-27,1,NA,2016-03-28,2017-09-28,"unweaned","young","No Adenovirus","D","SB"
"113","DUK","LID_108306","RNL_2017_0114_DUK","2017-07-28","infant",6086341,"M","D",487,15.96721311,1.334246575,"yes","Takeover","2017-02-04",7,2017,"ColdWet","Wet","Cold",466.3,1005.3,9.443333333,14.12,"DAI",0,NA,5.18,"Extraction","",0,0,0,0,0,0,0,0,0,2017-02-27,1,NA,2016-03-28,2017-09-28,"unweaned","young","No Adenovirus","D","SB"
"114","DUK","LID_108424","RNL_2017_0299_DUK","2017-10-19","infant",9576958,"M","D",570,18.68852459,1.561643836,"yes","Takeover","2017-02-04",10,2017,"ColdDry","Dry","Cold",201.7,1040.35,8.156666667,15.94333333,"DAI",0,NA,8.733,"Extraction_Lysate","",0,0,0,0,0,0,0,0,0,2017-02-27,1,NA,2016-03-28,2017-09-28,"weaned","young","No Adenovirus","D","SB"
"115","DUK","LID_106609","RNL_2018_1289_DUK","2018-10-01","infant",25083570,"M","D1",917,30.06557377,2.512328767,"yes","Takeover","2017-02-04",10,2018,"ColdDry","Dry","Cold",158.6,1093.9,8.226666667,16.18,"DAI",0,NA,16.508,"Lysate","",0,0,0,0,0,0,0,0,0,2017-02-27,1,NA,2016-03-28,2017-09-28,"weaned","young","No Adenovirus","D","SB"
"116","DUK","LID_107897","RNL_2019_0189_DUK","2019-03-05","infant",6767555,"M","D1",1072,35.14754098,2.936986301,"yes","Takeover","2017-02-04",3,2019,"HotDry","Dry","Hot",7,9.4,9.492857143,17.93214286,"DAI",0,NA,4.19,"Lysate","",0,0,0,0,0,0,0,0,0,2017-02-27,1,NA,2016-03-28,2017-09-28,"weaned","young","No Adenovirus","D","SB"
"117","DUK","LID_106255","RNL_2017_0079_DUK","2017-06-16","infant",31323559,"M","D",445,14.59016393,1.219178082,"yes","Takeover","2017-02-04",6,2017,"ColdWet","Wet","Cold",283.8,597,9.561290323,18.93225806,"DAI",0,NA,1.818,"Lysate","",0,0,0,0,0,0,0,0,0,2017-02-27,1,NA,2016-03-28,2017-09-28,"unweaned","young","No Adenovirus","D","SB"
"118","DUK","LID_108423","RNL_2018_0635_DUK","2018-05-01","infant",8066716,"M","D",764,25.04918033,2.093150685,"yes","Takeover","2017-02-04",5,2018,"HotDry","Dry","Hot",51.1,63.1,8.94,20.34333333,"DAI",0,NA,7.891,"Extraction_Lysate","",0,0,0,0,0,0,0,0,0,2017-02-27,1,NA,2016-03-28,2017-09-28,"weaned","young","No Adenovirus","D","SB"
"119","DUK","LID_105950","RNL_11OCT17_0500_DUK","2017-10-11","infant",11662743,"M","D",562,18.42622951,1.539726027,"yes","Takeover","2017-02-04",10,2017,"ColdDry","Dry","Cold",100.4,1044.3,8.273333333,15.64666667,"DAI",0,NA,9.791,"Lysate","",0,0,0,0,0,0,0,0,0,2017-02-27,1,NA,2016-03-28,2017-09-28,"weaned","young","No Adenovirus","D","SB"
"120","DUK","LID_105989","RNL_2017_0574_DUK","2017-12-07","infant",15882710,"M","D",619,20.29508197,1.695890411,"yes","Takeover","2017-02-04",12,2017,"ColdDry","Dry","Cold",0,379.6,7.173333333,15.46,"DAI",0,NA,5.688,"Lysate","",0,0,0,0,0,0,0,0,0,2017-02-27,1,NA,2016-03-28,2017-09-28,"weaned","young","No Adenovirus","D","SB"
"121","DUK","LID_107881","RNL_2019_0490_DUK","2019-09-06","infant",3549432,"M","D1",1257,41.21311475,3.443835616,"yes","Takeover","2017-02-04",9,2019,"ColdWet","Wet","Cold",339.3,1205.57,9.4,15.3,"DAI",0,NA,5.119,"Lysate","",0,0,0,0,0,0,0,0,0,2017-02-27,1,NA,2016-03-28,2017-09-28,"weaned","young","No Adenovirus","D","SB"
"122","DUS","LID_106301","RNL_2016_0142_DUS","2016-04-28","infant",7341403,"M","D",62,2.032786885,0.169863014,"no","NoAdversity","2017-02-04",4,2016,"HotDry","Dry","Hot",27.5,83.9,11.03225806,23.18064516,"DOL",0,NA,1.211,"Lysate","",0,0,0,0,0,0,0,0,0,2017-02-17,0,NA,2016-02-26,2017-08-26,"unweaned","young","No Adenovirus","D","SB"
"123","DUS","LID_108422","RNL_2016_0104_DUS","2016-04-06","infant",13573197,"M","D",40,1.31147541,0.109589041,"no","NoAdversity","2017-02-04",4,2016,"HotDry","Dry","Hot",64.4,64.4,10.77741935,22.19354839,"DOL",0,NA,9.383,"Extraction_Lysate","",0,0,0,0,0,0,0,0,0,2017-02-17,0,NA,2016-02-26,2017-08-26,"unweaned","young","No Adenovirus","D","SB"
"124","DUS","LID_106006","RNL_2018_0402_DUS","2018-04-02","infant",8447652,"M","D",766,25.1147541,2.098630137,"yes","Takeover","2017-02-04",4,2018,"HotDry","Dry","Hot",19.6,21.8,8.216129032,20.00322581,"DOL",0,NA,11.284,"Lysate","",0,0,0,0,0,0,0,0,0,2017-02-17,1,NA,2016-02-26,2017-08-26,"weaned","young","No Adenovirus","D","SB"
"125","DUS","LID_107885","RNL_2018_0188_DUS","2018-02-06","infant",14295503,"M","D",711,23.31147541,1.947945205,"yes","Takeover","2017-02-04",2,2018,"HotDry","Dry","Hot",0,12,6.696774194,15.41290323,"DOL",0,NA,3.664,"Lysate","",0,0,1,0,0,0,0,1,1,2017-02-17,1,NA,2016-02-26,2017-08-26,"weaned","young","Adenovirus","D","SB"
"126","DUS","LID_108405","RNL_2017_0034_DUS","2017-06-05","infant",16631992,"M","D",465,15.24590164,1.273972603,"yes","Takeover","2017-02-04",6,2017,"ColdWet","Wet","Cold",272.7,488.7,9.593548387,19.11290323,"DOL",0,NA,7.346,"Extraction","",0,0,0,0,0,0,0,0,0,2017-02-17,1,NA,2016-02-26,2017-08-26,"unweaned","young","No Adenovirus","D","SB"
"127","DUS","LID_105968","RNL_2017_0540_DUS","2017-12-02","infant",4736214,"M","D",645,21.14754098,1.767123288,"yes","Takeover","2017-02-04",12,2017,"ColdDry","Dry","Cold",27.2,398.3,7.246666667,15.48,"DOL",0,NA,19.366,"Lysate","",0,0,0,0,0,0,0,0,0,2017-02-17,1,NA,2016-02-26,2017-08-26,"weaned","young","No Adenovirus","D","SB"
"128","DUS","LID_108402","RNL_2017_0147_DUS","2017-08-09","infant",17097805,"M","D",530,17.37704918,1.452054795,"yes","Takeover","2017-02-04",8,2017,"ColdWet","Wet","Cold",536.9,1139.2,8.796774194,13.71612903,"DOL",0,NA,7.928,"Extraction","",0,0,0,0,0,0,0,0,0,2017-02-17,1,NA,2016-02-26,2017-08-26,"unweaned","young","No Adenovirus","D","SB"
"129","DUS","LID_106279","RNL_2017_0306_DUS","2017-10-20","infant",8677241,"M","D",602,19.73770492,1.649315068,"yes","Takeover","2017-02-04",10,2017,"ColdDry","Dry","Cold",229.3,1056.6,8.15,15.91666667,"DOL",0,NA,2.825,"Lysate","",0,0,0,0,0,0,0,0,0,2017-02-17,1,NA,2016-02-26,2017-08-26,"weaned","young","No Adenovirus","D","SB"
"130","DUS","LID_106614","RNL_2018_1254_DUS","2018-09-12","infant",24637130,"M","D1",929,30.45901639,2.545205479,"yes","Takeover","2017-02-04",9,2018,"ColdWet","Wet","Cold",396.9,1200.5,8.038709677,14.79354839,"DOL",0,NA,9.266,"Lysate","",0,0,0,0,0,0,0,0,0,2017-02-17,1,NA,2016-02-26,2017-08-26,"weaned","young","No Adenovirus","D","SB"
"131","DUS","LID_107890","RNL_2019_0378_DUS","2019-06-06","infant",10018936,"M","D1",1196,39.21311475,3.276712329,"yes","Takeover","2017-02-04",6,2019,"ColdWet","Wet","Cold",211.5,274.8,8.003225806,19.19354839,"DOL",0,NA,5.064,"Lysate","",0,0,0,0,0,0,0,0,0,2017-02-17,1,NA,2016-02-26,2017-08-26,"weaned","young","No Adenovirus","D","SB"
"132","EMI","LID_105992","RNL_2018_0489_EMI","2018-04-06","adult",11332551,"M","T1",3596,117.9016393,9.852054795,NA,NA,NA,4,2018,"HotDry","Dry","Hot",25.9,28.1,8.370967742,20.10967742,NA,0,NA,39.079,"Lysate","",0,0,0,0,0,0,0,0,0,NA,1,NA,2009-07-30,2011-01-30,"adult","adult","No Adenovirus","T","MB"
"133","ERC","LID_107886","RNL_2018_0420_ERC","2018-04-02","adult",9587972,"M","J1",4286,140.5245902,11.74246575,NA,NA,NA,4,2018,"HotDry","Dry","Hot",19.6,21.8,8.216129032,20.00322581,NA,0,NA,3.769,"Lysate","",0,0,0,0,0,0,0,0,0,NA,1,NA,2006-07-08,2008-01-08,"adult","adult","No Adenovirus","J1","MB"
"134","FAB","LID_105946","RNL_2018_0492_FAB","2018-04-06","adult",11211016,"M","Z5",4384,143.7377049,12.0109589,NA,NA,NA,4,2018,"HotDry","Dry","Hot",25.9,28.1,8.370967742,20.10967742,NA,0,NA,10.1,"Lysate","",0,0,0,0,0,0,0,0,0,NA,1,NA,2006-04-05,2007-10-05,"adult","adult","No Adenovirus","Z","MB"
"135","IMP","LID_105956","RNL_2018_0990_IMP","2018-07-10","adult",5292270,"M","C3",4542,148.9180328,12.44383562,NA,NA,NA,7,2018,"ColdWet","Wet","Cold",380.2,645,8.376666667,15.07333333,NA,0,NA,15.297,"Lysate","",0,0,0,0,0,0,0,0,0,NA,1,NA,2006-02-01,2007-08-01,"adult","adult","No Adenovirus","C","SB"
"136","JEM","LID_107882","RNL_2018_0955_JEM","2018-07-04","infant",17378187,"M","J1",1001,32.81967213,2.742465753,"no","NoAdversity",NA,7,2018,"ColdWet","Wet","Cold",280.8,510,8.506666667,15.22,"JOO",0,NA,7.165,"Lysate","",0,0,0,1,0,0,0,1,1,NA,1,NA,2015-10-07,2017-04-07,"weaned","young","Adenovirus","J1","MB"
"137","JEM","LID_108398","RNL_2017_0304_JEM","2017-08-31","infant",17920238,"M","J1",694,22.75409836,1.901369863,"no","NoAdversity",NA,8,2017,"ColdWet","Wet","Cold",520.1,1299.8,8.293548387,13.66129032,"JOO",0,NA,9.362,"Extraction","",0,0,0,0,0,0,0,0,0,NA,1,NA,2015-10-07,2017-04-07,"weaned","young","No Adenovirus","J1","MB"
"138","JEM","LID_108417","RNL_2016_0019_JEM","2016-01-28","infant",18173538,"M","J1",113,3.704918033,0.309589041,"no","NoAdversity",NA,1,2016,"ColdDry","Dry","Cold",1.3,232.4,7.238709677,16.07419355,"JOO",0,NA,1.787,"Extraction_Lysate","",0,0,0,0,0,0,0,0,0,NA,0,NA,2015-10-07,2017-04-07,"unweaned","young","No Adenovirus","J1","MB"
"139","JEM","LID_108401","RNL_2016_0173_JEM","2016-05-17","infant",20320899,"M","J1",223,7.31147541,0.610958904,"no","NoAdversity",NA,5,2016,"HotDry","Dry","Hot",228.6,293.5,10.21333333,20.38,"JOO",1,"LID_105985",2.558,"Extraction","",0,0,0,0,0,0,0,0,0,NA,0,NA,2015-10-07,2017-04-07,"unweaned","young","No Adenovirus","J1","MB"
"140","JEM","LID_105971","RNL_08NOV17_0412_JEM","2017-11-08","infant",11197868,"M","J1",763,25.01639344,2.090410959,"no","NoAdversity",NA,11,2017,"ColdDry","Dry","Cold",231.3,817.9,7.748387097,15.58709677,"JOO",0,NA,3.247,"Lysate","",0,0,1,0,0,0,0,1,1,NA,1,NA,2015-10-07,2017-04-07,"weaned","young","Adenovirus","J1","MB"
"141","JEM","LID_106258","RNL_2018_0672_JEM","2018-05-03","infant",10255092,"M","J1",939,30.78688525,2.57260274,"no","NoAdversity",NA,5,2018,"HotDry","Dry","Hot",38.3,63.1,9.216666667,20.56666667,"JOO",0,NA,5.724,"Lysate","",0,0,0,0,0,0,0,0,0,NA,1,NA,2015-10-07,2017-04-07,"weaned","young","No Adenovirus","J1","MB"
"142","JEM","LID_106276","RNL_2016_0084_JEM","2016-03-24","infant",6200726,"M","J1",169,5.540983607,0.463013699,"no","NoAdversity",NA,3,2016,"HotDry","Dry","Hot",56.4,65.5,10.5137931,21.56206897,"JOO",0,NA,1.129,"Lysate","",0,0,0,0,0,0,0,0,0,NA,0,NA,2015-10-07,2017-04-07,"unweaned","young","No Adenovirus","J1","MB"
"143","JEM","LID_106623","RNL_2018_0218_JEM","2018-02-17","infant",14261692,"M","J1",864,28.32786885,2.367123288,"no","NoAdversity",NA,2,2018,"HotDry","Dry","Hot",0,0,7.570967742,16.87096774,"JOO",0,NA,7.973,"Lysate","",0,0,0,0,0,0,0,0,0,NA,1,NA,2015-10-07,2017-04-07,"weaned","young","No Adenovirus","J1","MB"
"144","JEM","LID_106610","RNL_2018_1310_JEM","2018-10-03","infant",18340681,"M","J1",1092,35.80327869,2.991780822,"no","NoAdversity",NA,10,2018,"ColdDry","Dry","Cold",156.2,1081.4,8.216666667,16.4,"JOO",0,NA,11.519,"Lysate","",0,0,0,0,0,0,0,0,0,NA,1,NA,2015-10-07,2017-04-07,"weaned","young","No Adenovirus","J1","MB"
"145","JEM","LID_106627","RNL_2016_0253_JEM","2016-07-13","infant",13747923,"M","J1",280,9.180327869,0.767123288,"no","NoAdversity",NA,7,2016,"ColdWet","Wet","Cold",480.9,831,8.35,14.64666667,"JOO",1,"LID_106289",3.545,"Lysate","",0,0,0,0,0,1,0,1,1,NA,0,NA,2015-10-07,2017-04-07,"unweaned","young","Adenovirus","J1","MB"
"146","JOO","LID_105985","RNL_2016_0174_JOO","2016-05-17","adult",37427316,"F","J1",4704,154.2295082,12.88767123,NA,NA,NA,5,2016,"HotDry","Dry","Hot",228.6,293.5,10.21333333,20.38,NA,1,"LID_108401",2.134,"Lysate","",0,0,0,0,0,0,0,0,0,NA,1,NA,2003-07-01,2005-01-01,"adult","adult","No Adenovirus","J1","MB"
"147","JOO","LID_108308","RNL_2016_0017_JOO","2016-01-16","adult",6539391,"F","J1",4582,150.2295082,12.55342466,NA,NA,NA,1,2016,"ColdDry","Dry","Cold",25.4,246.7,7.158064516,15.9,NA,0,NA,4.86,"Extraction","",0,0,0,0,0,0,0,0,0,NA,1,NA,2003-07-01,2005-01-01,"adult","adult","No Adenovirus","J1","MB"
"148","JOO","LID_106289","RNL_2016_0254_JOO","2016-07-13","adult",6099851,"F","J1",4761,156.0983607,13.04383562,NA,NA,NA,7,2016,"ColdWet","Wet","Cold",480.9,831,8.35,14.64666667,NA,1,"LID_106627",13.706,"Lysate","",0,0,0,0,0,0,0,0,0,NA,1,NA,2003-07-01,2005-01-01,"adult","adult","No Adenovirus","J1","MB"
"149","LEN","LID_105951","RNL_2018_1020_LEN","2018-07-13","adult",18373485,"M","K",4602,150.8852459,12.60821918,NA,NA,NA,7,2018,"ColdWet","Wet","Cold",422.7,706,8.296666667,14.65333333,NA,0,NA,3.844,"Lysate","",0,0,0,0,0,0,0,0,0,NA,1,NA,2005-12-06,2007-06-06,"adult","adult","No Adenovirus","K","MB"
"150","LEN","LID_106593","RNL_2018_0452_LEN","2018-04-03","adult",11914242,"M","K",4501,147.5737705,12.33150685,NA,NA,NA,4,2018,"HotDry","Dry","Hot",22.6,24.8,8.24516129,20.01935484,NA,0,NA,4.122,"Lysate","",0,0,0,0,0,0,0,0,0,NA,1,NA,2005-12-06,2007-06-06,"adult","adult","No Adenovirus","K","MB"
"151","MAD","LID_105991","RNL_2018_0520_MAD","2018-04-10","adult",11533254,"F","M2",4574,149.9672131,12.53150685,NA,NA,NA,4,2018,"HotDry","Dry","Hot",25.9,28.1,8.422580645,20.2,NA,1,"LID_106621",17.836,"Lysate","",0,0,0,0,0,0,0,0,0,2007-01-11,1,2010-09-21,2005-10-01,2007-04-01,"adult","adult","No Adenovirus","M","MB"
"152","MAD","LID_108410","RNL_2017_0239_MAD","2017-10-05","adult",20060795,"F","M2",4387,143.8360656,12.01917808,NA,NA,NA,10,2017,"ColdDry","Dry","Cold",124.5,1083.1,8.346666667,15.38333333,NA,1,"LID_108411",9.473,"Extraction","",0,0,0,0,0,0,0,0,0,2007-01-11,1,2010-09-21,2005-10-01,2007-04-01,"adult","adult","No Adenovirus","M","MB"
"153","MAD","LID_106601","RNL_2018_0648_MAD","2018-05-02","adult",7983814,"F","M2",4596,150.6885246,12.59178082,NA,NA,NA,5,2018,"HotDry","Dry","Hot",41.3,63.1,9.116666667,20.41333333,NA,1,"LID_108431",4.503,"Lysate","",0,0,0,0,0,0,0,0,0,2007-01-11,1,2010-09-21,2005-10-01,2007-04-01,"adult","adult","No Adenovirus","M","MB"
"154","MAD","LID_105981","RNL_2017_0611_MAD","2017-12-20","adult",9746483,"F","M2",4463,146.3278689,12.22739726,NA,NA,NA,12,2017,"ColdDry","Dry","Cold",0,311,6.35,15.09666667,NA,1,"LID_105868",3.908,"Lysate","",0,0,0,0,0,0,0,0,0,2007-01-11,1,2010-09-21,2005-10-01,2007-04-01,"adult","adult","No Adenovirus","M","MB"
"155","MAR","LID_108412","RNL_2017_0241_MAR","2017-10-05","adult",18624811,"F","M2",7346,240.852459,20.1260274,NA,NA,NA,10,2017,"ColdDry","Dry","Cold",124.5,1083.1,8.346666667,15.38333333,NA,1,"LID_108415",10.221,"Extraction","",0,0,0,0,0,0,0,0,0,NA,1,NA,1997-08-25,1999-02-25,"adult","adult","No Adenovirus","M","MB"
"156","MAR","LID_106595","RNL_2018_0146_MAR","2018-02-01","adult",13612939,"F","M2",7465,244.7540984,20.45205479,NA,NA,NA,2,2018,"HotDry","Dry","Hot",0,27.2,6.529032258,15.01935484,NA,1,"LID_105969",3.774,"Lysate","there are 2 libraries for the same sample",0,0,0,0,0,0,0,0,0,NA,1,NA,1997-08-25,1999-02-25,"adult","adult","No Adenovirus","M","MB"
"157","MAR","LID_105974","RNL_2017_0568_MAR","2017-12-06","adult",7873760,"F","M2",7408,242.8852459,20.29589041,NA,NA,NA,12,2017,"ColdDry","Dry","Cold",12,381.8,7.206666667,15.45666667,NA,1,"LID_106009",12.335,"Lysate","",0,0,0,0,0,0,0,0,0,NA,1,NA,1997-08-25,1999-02-25,"adult","adult","No Adenovirus","M","MB"
"158","MAR","LID_108286","RNL_2017_0154_MAR","2017-08-12","adult",6421868,"F","M2",7292,239.0819672,19.97808219,NA,NA,NA,8,2017,"ColdWet","Wet","Cold",552.8,1158.4,8.816129032,13.70645161,NA,1,"LID_106278",4.02,"Extraction","",0,0,0,0,0,0,0,0,0,NA,1,NA,1997-08-25,1999-02-25,"adult","adult","No Adenovirus","M","MB"
"159","MAR","LID_108416","RNL_2018_0146_MAR","2018-02-01","adult",12630539,"F","M2",7465,244.7540984,20.45205479,NA,NA,NA,2,2018,"HotDry","Dry","Hot",0,27.2,6.529032258,15.01935484,NA,1,"LID_105969",9.952,"Extraction_Lysate","there are 2 libraries for the same sample",0,0,0,0,0,0,0,0,0,NA,1,NA,1997-08-25,1999-02-25,"adult","adult","No Adenovirus","M","MB"
"160","MCB","LID_106287","RNL_2017_0088_MCB","2017-06-23","infant",7655439,"M","M1",515,16.8852459,1.410958904,"no","NoAdversity",NA,6,2017,"ColdWet","Wet","Cold",278.3,608.5,9.496774194,18.3,"MEE",0,NA,6.878,"Lysate","",0,1,0,0,0,0,0,1,1,2017-01-09,1,NA,2016-01-25,2017-07-25,"unweaned","young","Adenovirus","M","MB"
"161","MCB","LID_105927","RNL_08NOV17_0414_MCB","2017-11-08","infant",5344264,"M","M1",653,21.40983607,1.789041096,"no","NoAdversity",NA,11,2017,"ColdDry","Dry","Cold",231.3,817.9,7.748387097,15.58709677,"MEE",0,NA,22.4,"Lysate","",0,0,0,0,0,0,0,0,0,2017-01-09,1,NA,2016-01-25,2017-07-25,"weaned","young","No Adenovirus","M","MB"
"162","MCB","LID_105963","RNL_2017_0055_MCB","2017-06-09","infant",48683628,"M","M1",501,16.42622951,1.37260274,"no","NoAdversity",NA,6,2017,"ColdWet","Wet","Cold",302.5,545,9.496774194,18.81290323,"MEE",0,NA,1.999,"Lysate","",0,1,0,0,0,0,0,1,1,2017-01-09,1,NA,2016-01-25,2017-07-25,"unweaned","young","Adenovirus","M","MB"
"163","MCB","LID_108299","RNL_2017_0165_MCB","2017-08-15","infant",12946011,"M","M1",568,18.62295082,1.556164384,"no","NoAdversity",NA,8,2017,"ColdWet","Wet","Cold",557.8,1134.8,8.790322581,13.79677419,"MEE",0,NA,13.7,"Extraction","",0,0,0,0,0,0,0,0,0,2017-01-09,1,NA,2016-01-25,2017-07-25,"weaned","young","No Adenovirus","M","MB"
"164","MCB","LID_106629","RNL_2016_0177_MCB","2016-05-18","infant",51353474,"M","M1",114,3.737704918,0.312328767,"no","NoAdversity",NA,5,2016,"HotDry","Dry","Hot",229.8,295.7,10.19333333,20.15666667,"MEE",0,NA,6.578,"Lysate","",0,0,0,0,0,0,0,0,0,2017-01-09,0,NA,2016-01-25,2017-07-25,"unweaned","young","No Adenovirus","M","MB"
"165","MCB","LID_106012","RNL_2017_0620_MCB","2017-12-21","infant",14797205,"M","M1",696,22.81967213,1.906849315,"no","NoAdversity",NA,12,2017,"ColdDry","Dry","Cold",0,306.7,6.23,15.16666667,"MEE",0,NA,10.027,"Lysate","",0,0,0,0,0,0,0,0,0,2017-01-09,1,NA,2016-01-25,2017-07-25,"weaned","young","No Adenovirus","M","MB"
"166","MCB","LID_106633","RNL_2019_0417_MCB","2019-07-08","infant",43160593,"M","M1",1260,41.31147541,3.452054795,"no","NoAdversity",NA,7,2019,"ColdWet","Wet","Cold",310.97,658.17,7.876666667,14.64,"MEE",0,NA,8.209,"Lysate","",0,0,0,0,0,0,0,0,0,2017-01-09,1,NA,2016-01-25,2017-07-25,"weaned","young","No Adenovirus","M","MB"
"167","MER","LID_107884","RNL_2017_0092_MER","2017-06-29","infant",8972456,"F","M1",490,16.06557377,1.342465753,"no","NoAdversity",NA,6,2017,"ColdWet","Wet","Cold",330.3,693.5,9.235483871,17.69032258,"MAI",0,NA,3.417,"Lysate","",0,0,0,0,0,0,0,0,0,2017-08-25,0,2020-06-18,2016-02-25,2017-08-25,"unweaned","young","No Adenovirus","M","MB"
"168","MER","LID_106013","RNL_2018_0046_MER","2018-01-03","infant",10117655,"F","M1",678,22.2295082,1.857534247,"no","NoAdversity",NA,1,2018,"ColdDry","Dry","Cold",0,273.2,5.987096774,15.0483871,"MAI",0,NA,5.405,"Lysate","",0,0,0,0,0,0,0,0,0,2017-08-25,1,2020-06-18,2016-02-25,2017-08-25,"weaned","young","No Adenovirus","M","MB"
"169","MER","LID_108300","RNL_2017_0167_MER","2017-08-15","infant",11042926,"F","M1",537,17.60655738,1.471232877,"no","NoAdversity",NA,8,2017,"ColdWet","Wet","Cold",557.8,1134.8,8.790322581,13.79677419,"MAI",0,NA,4.98,"Extraction","",0,0,1,0,0,0,0,1,1,2017-08-25,0,2020-06-18,2016-02-25,2017-08-25,"unweaned","young","Adenovirus","M","MB"
"170","MER","LID_108420","RNL_2018_0598_MER","2018-04-17","infant",15426976,"F","M1",782,25.63934426,2.142465753,"no","NoAdversity",NA,4,2018,"HotDry","Dry","Hot",25.9,28.1,8.625806452,20.43870968,"MAI",0,NA,2.566,"Extraction_Lysate","",0,0,0,0,0,0,0,0,0,2017-08-25,1,2020-06-18,2016-02-25,2017-08-25,"weaned","young","No Adenovirus","M","MB"
"171","MER","LID_105931","RNL_17NOV17_0419_MER","2017-11-17","infant",17079684,"F","M1",631,20.68852459,1.728767123,"no","NoAdversity",NA,11,2017,"ColdDry","Dry","Cold",151.5,660.1,7.809677419,15.56774194,"MAI",0,NA,24.8,"Lysate","",0,0,0,0,0,0,0,0,0,2017-08-25,1,2020-06-18,2016-02-25,2017-08-25,"weaned","young","No Adenovirus","M","MB"
"172","MER","LID_106606","RNL_2016_0231_MER","2016-06-18","infant",77867650,"F","M1",114,3.737704918,0.312328767,"no","NoAdversity",NA,6,2016,"ColdWet","Wet","Cold",210,485.9,10.20967742,18.97741935,"MAI",0,NA,10.129,"Lysate","",0,0,0,0,0,0,0,0,0,2017-08-25,0,2020-06-18,2016-02-25,2017-08-25,"unweaned","young","No Adenovirus","M","MB"
"173","MER","LID_106286","RNL_2018_1263_MER","2018-09-17","infant",28653999,"F","M1",935,30.6557377,2.561643836,"no","NoAdversity",NA,9,2018,"ColdWet","Wet","Cold",343,1226,8.064516129,15.17741935,"MAI",0,NA,2.319,"Lysate","",0,0,0,0,0,0,0,0,0,2017-08-25,1,2020-06-18,2016-02-25,2017-08-25,"weaned","young","No Adenovirus","M","MB"
"174","MER","LID_106626","RNL_2019_0533_MER","2019-10-09","infant",6057625,"F","M1",1322,43.3442623,3.621917808,"no","NoAdversity",NA,10,2019,"ColdDry","Dry","Cold",216.75,1023.45,8.923333333,16.02,"MAI",0,NA,3.398,"Lysate","",0,1,0,0,0,0,0,1,1,2017-08-25,1,2020-06-18,2016-02-25,2017-08-25,"weaned","young","Adenovirus","M","MB"
"175","MER","LID_105955","RNL_2017_0054_MER","2017-06-09","infant",14022296,"F","M1",470,15.40983607,1.287671233,"no","NoAdversity",NA,6,2017,"ColdWet","Wet","Cold",302.5,545,9.496774194,18.81290323,"MAI",0,NA,13.167,"Lysate","",0,0,0,0,0,0,0,0,0,2017-08-25,0,2020-06-18,2016-02-25,2017-08-25,"unweaned","young","No Adenovirus","M","MB"
"176","MER","LID_107902","RNL_2019_0134_MER","2019-02-07","infant",10914828,"F","M1",1078,35.3442623,2.953424658,"no","NoAdversity",NA,2,2019,"HotDry","Dry","Hot",0,57.4,7.206451613,15.33870968,"MAI",0,NA,7.665,"Lysate","",0,0,0,0,0,0,0,0,0,2017-08-25,1,2020-06-18,2016-02-25,2017-08-25,"weaned","young","No Adenovirus","M","MB"
"177","MID","LID_106290","RNL_2016_0228_MID","2016-06-12","adult",5957286,"F","M2",4969,162.9180328,13.61369863,NA,NA,NA,6,2016,"ColdWet","Wet","Cold",138.7,415,10.38709677,19.35483871,NA,1,"LID_106270",2.197,"Lysate","",0,0,0,0,0,0,0,0,0,2004-05-04,1,2008-03-27,2002-11-04,2004-05-04,"adult","adult","No Adenovirus","M","MB"
"178","MID","LID_105986","RNL_2016_0115_MID","2016-04-11","adult",7532103,"F","M2",4907,160.8852459,13.44383562,NA,NA,NA,4,2016,"HotDry","Dry","Hot",64.4,64.4,10.76451613,22.44516129,NA,1,"LID_106273",5.412,"Lysate","",0,0,0,0,0,0,0,0,0,2004-05-04,1,2008-03-27,2002-11-04,2004-05-04,"adult","adult","No Adenovirus","M","MB"
"179","MID","LID_108309","RNL_2016_0034_MID","2016-02-03","adult",8631345,"F","M2",4839,158.6557377,13.25753425,NA,NA,NA,2,2016,"HotDry","Dry","Hot",0,205.3,7.222580645,16.21612903,NA,1,"LID_108428",10.5,"Extraction","",0,0,0,0,0,0,0,0,0,2004-05-04,1,2008-03-27,2002-11-04,2004-05-04,"adult","adult","No Adenovirus","M","MB"
"180","MOA","LID_108411","RNL_2017_0240_MOA","2017-10-05","infant",18759297,"F","M2",107,3.508196721,0.293150685,"no","NoAdversity","2018-05-05",10,2017,"ColdDry","Dry","Cold",124.5,1083.1,8.346666667,15.38333333,"MAD",1,"LID_108410",4.353,"Extraction","",0,0,0,0,0,0,0,0,0,2018-05-05,0,NA,2017-06-20,2018-12-20,"unweaned","young","No Adenovirus","M","MB"
"181","MOA","LID_108431","RNL_2018_0649_MOA","2018-05-02","infant",5091315,"F","M2",316,10.36065574,0.865753425,"no","NoAdversity","2018-05-05",5,2018,"HotDry","Dry","Hot",41.3,63.1,9.116666667,20.41333333,"MAD",1,"LID_106601",5.023,"Extraction_Lysate","",0,0,0,0,0,0,0,0,0,2018-05-05,0,NA,2017-06-20,2018-12-20,"unweaned","young","No Adenovirus","M","MB"
"182","MOA","LID_106014","RNL_2018_0865_MOA","2018-06-13","infant",14143015,"F","M2",358,11.73770492,0.980821918,"yes","MaternalDeath","2018-05-05",6,2018,"ColdWet","Wet","Cold",212.8,309.2,9.251612903,18.19677419,"MAD",0,NA,5.561,"Lysate","",0,0,0,0,0,0,0,0,0,2018-05-05,1,NA,2017-06-20,2018-12-20,"unweaned","young","No Adenovirus","M","MB"
"183","MOA","LID_105868","RNL_2017_0612_MOA","2017-12-20","infant",13628392,"F","M2",183,6,0.501369863,"no","NoAdversity","2018-05-05",12,2017,"ColdDry","Dry","Cold",0,311,6.35,15.09666667,"MAD",1,"LID_105981",7.98,"Lysate","",0,0,0,0,0,0,0,0,0,2018-05-05,0,NA,2017-06-20,2018-12-20,"unweaned","young","No Adenovirus","M","MB"
"184","MOA","LID_106281","RNL_2018_0679_MOA","2018-05-07","infant",8343406,"F","M2",321,10.52459016,0.879452055,"yes","MaternalDeath","2018-05-05",5,2018,"HotDry","Dry","Hot",35,63.1,9.58,21.31333333,"MAD",0,NA,7.248,"Lysate","",0,0,0,0,0,0,0,0,0,2018-05-05,1,NA,2017-06-20,2018-12-20,"unweaned","young","No Adenovirus","M","MB"
"185","MOA","LID_106621","RNL_2018_0521_MOA","2018-04-10","infant",27084228,"F","M2",294,9.639344262,0.805479452,"no","NoAdversity","2018-05-05",4,2018,"HotDry","Dry","Hot",25.9,28.1,8.422580645,20.2,"MAD",1,"LID_105991",3.284,"Lysate","",0,0,0,0,0,0,0,0,0,2018-05-05,0,NA,2017-06-20,2018-12-20,"unweaned","young","No Adenovirus","M","MB"
"186","MOA","LID_105934","RNL_2018_1171_MOA","2018-08-09","infant",22342968,"F","M2",415,13.60655738,1.136986301,"yes","MaternalDeath","2018-05-05",8,2018,"ColdWet","Wet","Cold",437.9,985.9,8.006451613,14.00645161,"MAD",0,NA,21.2,"Lysate","",0,0,0,0,0,0,0,0,0,2018-05-05,1,NA,2017-06-20,2018-12-20,"unweaned","young","No Adenovirus","M","MB"
"187","MOA","LID_107889","RNL_2020_0092_MOA","2020-02-12","infant",12182358,"F","M2",967,31.70491803,2.649315068,"yes","MaternalDeath","2018-05-05",2,2020,"HotDry","Dry","Hot",0,101.7,5.783870968,16.37741935,"MAD",0,NA,3.521,"Lysate","",0,0,0,0,0,0,0,0,0,2018-05-05,1,NA,2017-06-20,2018-12-20,"weaned","young","No Adenovirus","M","MB"
"188","MOA","LID_106005","RNL_2018_0884_MOA","2018-06-17","infant",9833927,"F","M2",362,11.86885246,0.991780822,"yes","MaternalDeath","2018-05-05",6,2018,"ColdWet","Wet","Cold",265.9,362.3,8.948387097,17.3,"MAD",0,NA,7.516,"Lysate","",0,0,0,0,0,0,0,0,0,2018-05-05,1,NA,2017-06-20,2018-12-20,"unweaned","young","No Adenovirus","M","MB"
"189","MOA","LID_106265","RNL_2019_0457_MOA","2019-08-22","infant",10021453,"F","M2",793,26,2.17260274,"yes","MaternalDeath","2018-05-05",8,2019,"ColdWet","Wet","Cold",426.5,1162.47,9.616129032,14.77419355,"MAD",0,NA,9.695,"Lysate","",0,0,0,0,0,0,0,0,0,2018-05-05,1,NA,2017-06-20,2018-12-20,"weaned","young","No Adenovirus","M","MB"
"190","MOY","LID_108397","RNL_2017_0157_MOY","2017-08-12","infant",10876234,"F","M2",629,20.62295082,1.723287671,"no","NoAdversity",NA,8,2017,"ColdWet","Wet","Cold",552.8,1158.4,8.816129032,13.70645161,"MID",0,NA,9.948,"Extraction","",0,0,0,0,0,0,0,0,0,2016-12-25,1,2021-08-23,2015-11-22,2017-05-22,"weaned","young","No Adenovirus","M","MB"
"191","MOY","LID_106599","RNL_2018_0557_MOY","2018-04-16","infant",17269535,"F","M2",876,28.72131148,2.4,"no","NoAdversity",NA,4,2018,"HotDry","Dry","Hot",25.9,28.1,8.474193548,20.41935484,"MID",0,NA,8.36,"Lysate","",0,0,0,0,0,0,0,0,0,2016-12-25,1,2021-08-23,2015-11-22,2017-05-22,"weaned","young","No Adenovirus","M","MB"
"192","MOY","LID_105965","RNL_2017_0053_MOY","2017-06-09","infant",15566425,"F","M2",565,18.52459016,1.547945205,"no","NoAdversity",NA,6,2017,"ColdWet","Wet","Cold",302.5,545,9.496774194,18.81290323,"MID",0,NA,6.368,"Lysate","",1,0,0,0,0,0,0,1,1,2016-12-25,1,2021-08-23,2015-11-22,2017-05-22,"weaned","young","Adenovirus","M","MB"
"193","MOY","LID_106273","RNL_2016_0114_MOY","2016-04-11","infant",8820535,"F","M2",141,4.62295082,0.38630137,"no","NoAdversity",NA,4,2016,"HotDry","Dry","Hot",64.4,64.4,10.76451613,22.44516129,"MID",1,"LID_105986",7.558,"Lysate","",0,0,0,0,0,0,0,0,0,2016-12-25,0,2021-08-23,2015-11-22,2017-05-22,"unweaned","young","No Adenovirus","M","MB"
"194","MOY","LID_106270","RNL_2016_0227_MOY","2016-06-12","infant",13344526,"F","M2",203,6.655737705,0.556164384,"no","NoAdversity",NA,6,2016,"ColdWet","Wet","Cold",138.7,415,10.38709677,19.35483871,"MID",1,"LID_106290",7.321,"Lysate","",0,0,0,0,0,0,0,0,0,2016-12-25,0,2021-08-23,2015-11-22,2017-05-22,"unweaned","young","No Adenovirus","M","MB"
"195","MOY","LID_106266","RNL_2019_0455_MOY","2019-08-22","infant",27058945,"F","M2",1369,44.8852459,3.750684932,"no","NoAdversity",NA,8,2019,"ColdWet","Wet","Cold",426.5,1162.47,9.616129032,14.77419355,"MID",0,NA,14.924,"Lysate","",0,0,0,0,0,0,0,0,0,2016-12-25,1,2021-08-23,2015-11-22,2017-05-22,"weaned","young","No Adenovirus","M","MB"
"196","MOY","LID_108428","RNL_2016_0033_MOY","2016-02-03","infant",10851953,"F","M2",73,2.393442623,0.2,"no","NoAdversity",NA,2,2016,"HotDry","Dry","Hot",0,205.3,7.222580645,16.21612903,"MID",1,"LID_108309",8.099,"Extraction","",0,0,0,0,0,1,0,1,1,2016-12-25,0,2021-08-23,2015-11-22,2017-05-22,"unweaned","young","Adenovirus","M","MB"
"197","MUD","LID_106293","RNL_2018_1316_MUD","2018-10-04","infant",9329132,"F","M2",610,20,1.671232877,"no","NoAdversity",NA,10,2018,"ColdDry","Dry","Cold",151.2,1079.9,8.19,16.41,"MAR",0,NA,4.474,"Lysate","",0,0,0,0,0,0,0,0,0,NA,1,NA,2017-02-01,2018-08-01,"weaned","young","No Adenovirus","M","MB"
"198","MUD","LID_106009","RNL_2017_0569_MUD","2017-12-06","infant",13285935,"F","M2",308,10.09836066,0.843835616,"no","NoAdversity",NA,12,2017,"ColdDry","Dry","Cold",12,381.8,7.206666667,15.45666667,"MAR",1,"LID_105974",27.003,"Lysate","",0,0,0,0,0,0,0,0,0,NA,0,NA,2017-02-01,2018-08-01,"unweaned","young","No Adenovirus","M","MB"
"199","MUD","LID_105969","RNL_2018_0147_MUD","2018-02-01","infant",11210221,"F","M2",365,11.96721311,1,"no","NoAdversity",NA,2,2018,"HotDry","Dry","Hot",0,27.2,6.529032258,15.01935484,"MAR",1,"LID_108416 or LID_106595",4.011,"Lysate","there are 2 paired mother libraries (RNL_2018_0146_MAR)",0,0,0,0,0,0,0,0,0,NA,0,NA,2017-02-01,2018-08-01,"unweaned","young","No Adenovirus","M","MB"
"200","MUD","LID_108392","RNL_2017_0068_MUD","2017-06-10","infant",11038336,"F","M2",129,4.229508197,0.353424658,"no","NoAdversity",NA,6,2017,"ColdWet","Wet","Cold",294.6,539.1,9.45483871,18.71612903,"MAR",0,NA,10.292,"Extraction","",0,0,0,0,0,0,0,0,0,NA,0,NA,2017-02-01,2018-08-01,"unweaned","young","No Adenovirus","M","MB"
"201","MUD","LID_106278","RNL_2017_0152_MUD","2017-08-12","infant",8905930,"F","M2",192,6.295081967,0.526027397,"no","NoAdversity",NA,8,2017,"ColdWet","Wet","Cold",552.8,1158.4,8.816129032,13.70645161,"MAR",1,"LID_108286",3.838,"Lysate","",1,0,0,0,0,0,0,1,1,NA,0,NA,2017-02-01,2018-08-01,"unweaned","young","Adenovirus","M","MB"
"202","MUD","LID_106292","RNL_2019_0601_MUD","2019-11-13","infant",9090773,"F","M2",1015,33.27868852,2.780821918,"no","NoAdversity",NA,11,2019,"ColdDry","Dry","Cold",234.1166667,734.0666667,7.551612903,15.93548387,"MAR",0,NA,4.068,"Lysate","",0,0,0,0,0,0,0,0,0,NA,1,NA,2017-02-01,2018-08-01,"weaned","young","No Adenovirus","M","MB"
"203","MUD","LID_107905","RNL_2019_0211_MUD","2019-03-13","infant",57600699,"F","M2",770,25.24590164,2.109589041,"no","NoAdversity",NA,3,2019,"HotDry","Dry","Hot",6.5,7.5,9.957142857,17.92857143,"MAR",0,NA,3.85,"Lysate","",0,0,0,0,0,0,0,0,0,NA,1,NA,2017-02-01,2018-08-01,"weaned","young","No Adenovirus","M","MB"
"204","MUD","LID_105869","RNL_2018_0517_MUD","2018-04-10","infant",12506798,"F","M2",433,14.19672131,1.18630137,"no","NoAdversity",NA,4,2018,"HotDry","Dry","Hot",25.9,28.1,8.422580645,20.2,"MAR",0,NA,9.32,"Lysate","",0,0,0,0,0,0,0,0,0,NA,0,NA,2017-02-01,2018-08-01,"unweaned","young","No Adenovirus","M","MB"
"205","MUD","LID_108415","RNL_2017_0242_MUD","2017-10-05","infant",9910787,"F","M2",246,8.06557377,0.673972603,"no","NoAdversity",NA,10,2017,"ColdDry","Dry","Cold",124.5,1083.1,8.346666667,15.38333333,"MAR",1,"LID_108412",7.839,"Extraction","",0,0,0,0,0,0,0,0,0,NA,0,NA,2017-02-01,2018-08-01,"unweaned","young","No Adenovirus","M","MB"
"206","MUD","LID_105976","RNL_2018_1003_MUD","2018-07-12","infant",10240850,"F","M2",526,17.24590164,1.44109589,"no","NoAdversity",NA,7,2018,"ColdWet","Wet","Cold",421.2,697.5,8.32,14.77666667,"MAR",0,NA,11.248,"Lysate","",0,0,0,0,0,0,0,0,0,NA,0,NA,2017-02-01,2018-08-01,"unweaned","young","No Adenovirus","M","MB"
"207","PAO","LID_105998","RNL_2018_0358_PAO","2018-03-27","adult",10531404,"M","V",3909,128.1639344,10.70958904,NA,NA,NA,3,2018,"HotDry","Dry","Hot",3,5.2,8.178571429,19.80357143,NA,0,NA,2.254,"Lysate","",0,0,0,0,0,0,0,0,0,NA,1,NA,2007-07-14,2009-01-14,"adult","adult","No Adenovirus","V","MB"
"208","PEE","LID_105980","RNL_2018_1178_PEE","2018-08-14","adult",32170049,"M","D2",3482,114.1639344,9.539726027,NA,NA,NA,8,2018,"ColdWet","Wet","Cold",392.9,1037.4,8.070967742,14,NA,0,NA,2.069,"Lysate","",0,0,0,0,0,0,0,0,0,NA,1,NA,2009-01-31,2010-07-31,"adult","adult","No Adenovirus","D","SB"
"209","SEG","LID_106000","RNL_2018_0612_SEG","2018-04-20","adult",22937279,"M","M2",4994,163.7377049,13.68219178,NA,NA,NA,4,2018,"HotDry","Dry","Hot",25.9,28.1,8.829032258,20.48064516,NA,0,NA,11.043,"Lysate","",0,0,0,0,0,0,0,0,0,NA,1,NA,2004-08-17,2006-02-17,"adult","adult","No Adenovirus","M","MB"
"210","SHW","LID_106280","RNL_2018_0699_SHW","2018-05-10","adult",9033293,"M","Te",3321,108.8852459,9.098630137,NA,NA,NA,5,2018,"HotDry","Dry","Hot",69.5,97.6,9.816666667,21.28333333,NA,0,NA,3.055,"Lysate","",0,0,0,0,0,0,0,0,0,NA,1,NA,2009-04-06,2010-10-06,"adult","adult","No Adenovirus","T","MB"
"211","VEA","LID_106637","RNL_2018_1535_VEA","2018-12-07","infant",28078107,"F","V",260,8.524590164,0.712328767,"no","NoAdversity",NA,12,2018,"ColdDry","Dry","Cold",55,355.5,7.916666667,13.71666667,"VIE",1,"LID_106594",2.234,"Lysate","",0,0,0,0,0,0,0,0,0,NA,0,NA,2018-03-22,2019-09-22,"unweaned","young","No Adenovirus","V","MB"
"212","VEA","LID_106615","RNL_2018_1256_VEA","2018-09-13","infant",8895443,"F","V",175,5.737704918,0.479452055,"no","NoAdversity",NA,9,2018,"ColdWet","Wet","Cold",430.4,1237.5,8.006451613,14.9,"VIE",1,"LID_105949",2.658,"Lysate","",0,0,0,0,0,0,0,0,0,NA,0,NA,2018-03-22,2019-09-22,"unweaned","young","No Adenovirus","V","MB"
"213","VEA","LID_107900","RNL_2020_0143_VEA","2020-03-06","infant",6972832,"F","V",715,23.44262295,1.95890411,"no","NoAdversity",NA,3,2020,"HotDry","Dry","Hot",3.1,10.4,7.04137931,18.6137931,"VIE",0,NA,4.052,"Lysate","",0,0,0,0,0,0,0,0,0,NA,1,NA,2018-03-22,2019-09-22,"weaned","young","No Adenovirus","V","MB"
"214","VEA","LID_108406","RNL_2018_0502_VEA","2018-04-07","infant",14193272,"F","V",16,0.524590164,0.043835616,"no","NoAdversity",NA,4,2018,"HotDry","Dry","Hot",25.9,28.1,8.406451613,20.12580645,"VIE",1,"LID_106638",8.263,"Extraction_Lysate","",0,1,1,0,0,0,0,2,1,NA,0,NA,2018-03-22,2019-09-22,"unweaned","young","Adenovirus","V","MB"
"215","VEA","LID_106616","RNL_2019_0470_VEA","2019-08-24","infant",12873948,"F","V",520,17.04918033,1.424657534,"no","NoAdversity",NA,8,2019,"ColdWet","Wet","Cold",446,1211.97,9.667741935,15,"VIE",0,NA,6.301,"Lysate","",0,0,0,0,0,0,0,0,0,NA,0,NA,2018-03-22,2019-09-22,"unweaned","young","No Adenovirus","V","MB"
"216","VIE","LID_106594","RNL_2018_1534_VIE","2018-12-07","adult",31497953,"F","V",4289,140.6229508,11.75068493,NA,NA,NA,12,2018,"ColdDry","Dry","Cold",55,355.5,7.916666667,13.71666667,NA,1,"LID_106637",11.653,"Lysate","",0,0,0,0,0,0,0,0,0,2008-09-11,1,2011-07-03,2007-03-11,2008-09-11,"adult","adult","No Adenovirus","V","MB"
"217","VIE","LID_105949","RNL_2018_1255_VIE","2018-09-13","adult",19990386,"F","V",4204,137.8360656,11.51780822,NA,NA,NA,9,2018,"ColdWet","Wet","Cold",430.4,1237.5,8.006451613,14.9,NA,1,"LID_106615",18.1,"Lysate","",0,0,0,0,0,0,0,0,0,2008-09-11,1,2011-07-03,2007-03-11,2008-09-11,"adult","adult","No Adenovirus","V","MB"
"218","VIE","LID_105935","RNL_2018_0732_VIE","2018-05-17","adult",16329325,"F","V",4085,133.9344262,11.19178082,NA,NA,NA,5,2018,"HotDry","Dry","Hot",70.5,98.6,10.09666667,21.69,NA,0,NA,24.4,"Lysate","",0,0,0,0,0,0,0,0,0,2008-09-11,1,2011-07-03,2007-03-11,2008-09-11,"adult","adult","No Adenovirus","V","MB"
"219","VIE","LID_106638","RNL_2018_0501_VIE","2018-04-07","adult",19522592,"F","V",4045,132.6229508,11.08219178,NA,NA,NA,4,2018,"HotDry","Dry","Hot",25.9,28.1,8.406451613,20.12580645,NA,1,"LID_108406",5.924,"Lysate","",0,0,0,0,0,0,0,0,0,2008-09-11,1,2011-07-03,2007-03-11,2008-09-11,"adult","adult","No Adenovirus","V","MB"
"220","VIE","LID_105947","RNL_2019_0032_VIE","2019-01-07","adult",13314278,"F","V",4320,141.6393443,11.83561644,NA,NA,NA,1,2019,"ColdDry","Dry","Cold",2.4,218.9,6.983870968,12.75806452,NA,0,NA,9.1,"Lysate","",0,0,0,0,0,0,0,0,0,2008-09-11,1,2011-07-03,2007-03-11,2008-09-11,"adult","adult","No Adenovirus","V","MB"
"221","VIQ","LID_106271","RNL_2016_0119_VIQ","2016-04-13","infant",6179166,"M","V",297,9.737704918,0.81369863,"no","NoAdversity","2016-07-12",4,2016,"HotDry","Dry","Hot",64.9,64.9,10.89677419,22.62580645,"VIX",1,"LID_106596",3.224,"Lysate","",0,0,0,0,0,0,0,0,0,2016-07-16,0,NA,2015-06-21,2016-12-21,"unweaned","young","No Adenovirus","V","MB"
"222","VIQ","LID_105925","RNL_2018_0271_VIQ","2018-03-02","infant",11936253,"M","V",985,32.29508197,2.698630137,"yes","Takeover","2016-07-12",3,2018,"HotDry","Dry","Hot",2.2,2.2,8.032142857,18.225,"VIX",0,NA,8.8,"Lysate","",0,0,0,0,0,0,0,0,0,2016-07-16,1,NA,2015-06-21,2016-12-21,"weaned","young","No Adenovirus","V","MB"
"223","VIQ","LID_105928","RNL_2018_0788_VIQ","2018-06-02","infant",30306549,"M","V",1077,35.31147541,2.950684932,"yes","Takeover","2016-07-12",6,2018,"ColdWet","Wet","Cold",174.2,235.1,9.787096774,20.74193548,"VIX",0,NA,12.9,"Lysate","",0,0,0,0,0,0,0,0,0,2016-07-16,1,NA,2015-06-21,2016-12-21,"weaned","young","No Adenovirus","V","MB"
"224","VIQ","LID_108429","RNL_2016_0050_VIQ","2016-02-13","infant",11513513,"M","V",237,7.770491803,0.649315068,"no","NoAdversity","2016-07-12",2,2016,"HotDry","Dry","Hot",0,83.2,7.461290323,16.50645161,"VIX",1,"LID_108289",2.496,"Extraction","",0,0,0,0,0,0,0,0,0,2016-07-16,0,NA,2015-06-21,2016-12-21,"unweaned","young","No Adenovirus","V","MB"
"225","VIQ","LID_108427","RNL_2015_0130_VIQ","2015-10-29","infant",9897528,"M","V",130,4.262295082,0.356164384,"no","NoAdversity","2016-07-12",10,2015,"ColdDry","Dry","Cold",79.9,623.5,12.14333333,18.95333333,"VIX",0,NA,5.927,"Extraction_Lysate","",0,0,0,0,0,0,0,0,0,2016-07-16,0,NA,2015-06-21,2016-12-21,"unweaned","young","No Adenovirus","V","MB"
"226","VIQ","LID_105977","RNL_25NOV17_0486_VIQ","2017-11-25","infant",6571594,"M","V",888,29.1147541,2.432876712,"yes","Takeover","2016-07-12",11,2017,"ColdDry","Dry","Cold",29.6,510.3,7.390322581,15.60967742,"VIX",0,NA,1.535,"Lysate","",0,0,0,0,0,0,0,0,0,2016-07-16,1,NA,2015-06-21,2016-12-21,"weaned","young","No Adenovirus","V","MB"
"227","VIQ","LID_105957","RNL_2017_0067_VIQ","2017-06-10","infant",8139411,"M","V",720,23.60655738,1.97260274,"yes","Takeover","2016-07-12",6,2017,"ColdWet","Wet","Cold",294.6,539.1,9.45483871,18.71612903,"VIX",0,NA,19.864,"Lysate","",0,0,0,0,0,0,0,0,0,2016-07-16,1,NA,2015-06-21,2016-12-21,"weaned","young","No Adenovirus","V","MB"
"228","VIQ","LID_106613","RNL_2016_0238_VIQ","2016-07-01","infant",8704431,"M","V",376,12.32786885,1.030136986,"no","NoAdversity","2016-07-12",7,2016,"ColdWet","Wet","Cold",359.9,656,9.333333333,16.61,"VIX",0,NA,4.898,"Lysate","",0,0,0,0,0,0,0,0,0,2016-07-16,0,NA,2015-06-21,2016-12-21,"unweaned","young","No Adenovirus","V","MB"
"229","VIQ","LID_108302","RNL_2017_0187_VIQ","2017-08-21","infant",9270058,"M","V",792,25.96721311,2.169863014,"yes","Takeover","2016-07-12",8,2017,"ColdWet","Wet","Cold",495.15,1153,8.522580645,13.71290323,"VIX",0,NA,3.32,"Extraction","",0,0,0,0,0,0,0,0,0,2016-07-16,1,NA,2015-06-21,2016-12-21,"weaned","young","No Adenovirus","V","MB"
"230","VIQ","LID_106619","RNL_2019_0052_VIQ","2019-01-09","infant",7269310,"M","V",1298,42.55737705,3.556164384,"yes","Takeover","2016-07-12",1,2019,"ColdDry","Dry","Cold",2.4,161.9,6.9,12.76129032,"VIX",0,NA,3.343,"Lysate","",0,0,0,0,0,0,0,0,0,2016-07-16,1,NA,2015-06-21,2016-12-21,"weaned","young","No Adenovirus","V","MB"
"231","VIX","LID_106596","RNL_2016_0120_VIX","2016-04-13","adult",23839797,"F","V",3056,100.1967213,8.37260274,NA,NA,NA,4,2016,"HotDry","Dry","Hot",64.9,64.9,10.89677419,22.62580645,NA,1,"LID_106271",6.579,"Lysate","",0,0,0,0,0,0,0,0,0,2009-06-01,1,2012-09-15,2007-12-01,2009-06-01,"adult","adult","No Adenovirus","V","MB"
"232","VIX","LID_108289","RNL_2016_0051_VIX","2016-02-13","adult",11009520,"F","V",2996,98.2295082,8.208219178,NA,NA,NA,2,2016,"HotDry","Dry","Hot",0,83.2,7.461290323,16.50645161,NA,1,"LID_108429",5.22,"Extraction","",0,0,0,0,0,0,0,0,0,2009-06-01,1,2012-09-15,2007-12-01,2009-06-01,"adult","adult","No Adenovirus","V","MB"
"233","VOL","LID_106264","RNL_2019_0632_VOL","2019-11-26","infant",13104713,"M","V",690,22.62295082,1.890410959,"no","NoAdversity",NA,11,2019,"ColdDry","Dry","Cold",238.45,654.5666667,7.641935484,15.93870968,"VYE",0,NA,14.415,"Lysate","",0,0,0,0,0,0,0,0,0,NA,1,NA,2018-01-05,2019-07-05,"weaned","young","No Adenovirus","V","MB"
"234","VOL","LID_105987","RNL_2018_1393_VOL","2018-11-07","infant",9855617,"M","V",306,10.03278689,0.838356164,"no","NoAdversity",NA,11,2018,"ColdDry","Dry","Cold",161.5,737.5,8.15483871,15.43548387,"VYE",1,"LID_105973",6.96,"Lysate","",0,0,0,0,0,0,0,0,0,NA,0,NA,2018-01-05,2019-07-05,"unweaned","young","No Adenovirus","V","MB"
"235","VOL","LID_108426","RNL_2018_0106_VOL","2018-01-26","infant",1880098,"M","V",21,0.68852459,0.057534247,"no","NoAdversity",NA,1,2018,"ColdDry","Dry","Cold",0,27.6,6.474193548,14.97096774,"VYE",1,"LID_106008",6.122,"Extraction_Lysate","",0,0,0,0,0,0,0,0,0,NA,0,NA,2018-01-05,2019-07-05,"unweaned","young","No Adenovirus","V","MB"
"236","VOL","LID_106630","RNL_2018_0221_VOL","2018-02-19","infant",14981508,"M","V",45,1.475409836,0.123287671,"no","NoAdversity",NA,2,2018,"HotDry","Dry","Hot",2.2,2.2,7.603225806,16.98387097,"VYE",1,"LID_105983",5.057,"Lysate","",0,0,0,0,0,0,0,0,0,NA,0,NA,2018-01-05,2019-07-05,"unweaned","young","No Adenovirus","V","MB"
"237","VOL","LID_106625","RNL_2018_1252_VOL","2018-09-12","infant",27583004,"M","V",250,8.196721311,0.684931507,"no","NoAdversity",NA,9,2018,"ColdWet","Wet","Cold",396.9,1200.5,8.038709677,14.79354839,"VYE",1,"LID_105995",8.378,"Lysate","",0,0,0,0,0,0,0,0,0,NA,0,NA,2018-01-05,2019-07-05,"unweaned","young","No Adenovirus","V","MB"
"238","VOL","LID_107894","RNL_2019_0388_VOL","2019-06-07","infant",9522714,"M","V",518,16.98360656,1.419178082,"no","NoAdversity",NA,6,2019,"ColdWet","Wet","Cold",221.6,284.9,7.906451613,18.8483871,"VYE",0,NA,10.37,"Lysate","",0,0,0,0,0,0,0,0,0,NA,0,NA,2018-01-05,2019-07-05,"unweaned","young","No Adenovirus","V","MB"
"239","VOL","LID_107880","RNL_2019_0136_VOL","2019-02-08","infant",10559432,"M","V",399,13.08196721,1.093150685,"no","NoAdversity",NA,2,2019,"HotDry","Dry","Hot",0,54.4,7.274193548,15.58387097,"VYE",0,NA,5.158,"Lysate","",0,0,0,0,0,0,0,0,0,NA,0,NA,2018-01-05,2019-07-05,"unweaned","young","No Adenovirus","V","MB"
"240","VOL","LID_105975","RNL_2018_1024_VOL","2018-07-14","infant",8929858,"M","V",190,6.229508197,0.520547945,"no","NoAdversity",NA,7,2018,"ColdWet","Wet","Cold",422.7,715,8.26,14.57,"VYE",1,"LID_105954",21.089,"Lysate","",0,0,0,0,0,0,0,0,0,NA,0,NA,2018-01-05,2019-07-05,"unweaned","young","No Adenovirus","V","MB"
"241","VOL","LID_107888","RNL_2020_0180_VOL","2020-03-12","infant",11245728,"M","V",797,26.13114754,2.183561644,"no","NoAdversity",NA,3,2020,"HotDry","Dry","Hot",3.1,9.5,7.34137931,19.19655172,"VYE",0,NA,3.066,"Lysate","",0,0,0,0,0,0,0,0,0,NA,1,NA,2018-01-05,2019-07-05,"weaned","young","No Adenovirus","V","MB"
"242","VYE","LID_105995","RNL_2018_1251_VYE","2018-09-12","adult",570050,"F","V",7163,234.852459,19.62465753,NA,NA,NA,9,2018,"ColdWet","Wet","Cold",396.9,1200.5,8.038709677,14.79354839,NA,1,"LID_106625",1.596,"Lysate","",0,0,0,0,0,0,0,0,0,NA,1,NA,1999-02-01,2000-08-01,"adult","adult","No Adenovirus","V","MB"
"243","VYE","LID_106008","RNL_2018_0105_VYE","2018-01-26","adult",10959261,"F","V",6934,227.3442623,18.99726027,NA,NA,NA,1,2018,"ColdDry","Dry","Cold",0,27.6,6.474193548,14.97096774,NA,1,"LID_108426",18.614,"Lysate","",0,0,0,0,0,0,0,0,0,NA,1,NA,1999-02-01,2000-08-01,"adult","adult","No Adenovirus","V","MB"
"244","VYE","LID_105983","RNL_2018_0220_VYE","2018-02-19","adult",6415263,"F","V",6958,228.1311475,19.0630137,NA,NA,NA,2,2018,"HotDry","Dry","Hot",2.2,2.2,7.603225806,16.98387097,NA,1,"LID_106630",5.221,"Lysate","",0,0,0,0,0,0,0,0,0,NA,1,NA,1999-02-01,2000-08-01,"adult","adult","No Adenovirus","V","MB"
"245","VYE","LID_106592","RNL_2018_0533_VYE","2018-04-11","adult",8577190,"F","V",7009,229.8032787,19.20273973,NA,NA,NA,4,2018,"HotDry","Dry","Hot",25.9,28.1,8.416129032,20.28064516,NA,0,NA,5.105,"Lysate","",0,0,0,0,0,0,0,0,0,NA,1,NA,1999-02-01,2000-08-01,"adult","adult","No Adenovirus","V","MB"
"246","VYE","LID_105973","RNL_2018_1392_VYE","2018-11-07","adult",8471903,"F","V",7219,236.6885246,19.77808219,NA,NA,NA,11,2018,"ColdDry","Dry","Cold",161.5,737.5,8.15483871,15.43548387,NA,1,"LID_105987",9.601,"Lysate","",0,0,0,0,0,0,0,0,0,NA,1,NA,1999-02-01,2000-08-01,"adult","adult","No Adenovirus","V","MB"
"247","VYE","LID_105954","RNL_2018_1023_VYE","2018-07-14","adult",6880676,"F","V",7103,232.8852459,19.46027397,NA,NA,NA,7,2018,"ColdWet","Wet","Cold",422.7,715,8.26,14.57,NA,1,"LID_105975",12.042,"Lysate","",0,0,0,0,0,0,0,0,0,NA,1,NA,1999-02-01,2000-08-01,"adult","adult","No Adenovirus","V","MB"
"248","WAK","LID_105997","RNL_2018_1155_WAK","2018-08-07","adult",11643776,"M","Z3",4763,156.1639344,13.04931507,NA,NA,NA,8,2018,"ColdWet","Wet","Cold",445.4,978.4,8.064516129,13.91290323,NA,0,NA,9.043,"Lysate","",0,0,0,0,0,0,0,0,0,NA,1,NA,2005-07-23,2007-01-23,"adult","adult","No Adenovirus","Z","MB"
